순번,매출일자,이용카드,매출금액,부가세,봉사료,자원순환보증금(원),매출종류,할부개월,가맹점명,사업자번호,청구일자,결제수단
1,2024-01-01,M265,11300,0,0,0,일시불계좌,0,카카오페이(택시),104-81-83559,2024-02-01,카드
2,2024-01-02,M368,2400,0,0,0,일시불계좌,0,씨유죽전현암점,871-45-00039,2024-02-01,카드
3,2024-01-03,M368,7500,682,0,0,일시불계좌,0,손가네 칼국수,108-25-36557,2024-02-01,카드
4,2024-01-03,M368,4300,391,0,0,일시불계좌,0,이삭토스트단대점,142-04-78509,2024-02-01,카드
5,2024-01-03,M368,4100,373,0,0,일시불계좌,0,파리바게뜨 죽전단국대점,142-07-93044,2024-02-01,카드
6,2024-01-04,M368,9000,818,0,0,일시불계좌,0,해피덮,308-27-00518,2024-02-01,카드
7,2024-01-04,M368,7500,681,0,0,일시불계좌,0,일미돈까스 단대점,865-45-00785,2024-02-01,카드
8,2024-01-04,M368,2100,191,0,0,일시불계좌,0,파리바게뜨 죽전단국대점,142-07-93044,2024-02-01,카드
9,2024-01-05,M368,1300,118,0,0,일시불계좌,0,데일리원커피 (DAILY ONE COFFEE),384-10-00493,2024-02-01,카드
10,2024-01-05,M368,9000,818,0,0,일시불계좌,0,해피덮,308-27-00518,2024-02-01,카드
11,2024-01-05,M368,7500,682,0,0,일시불계좌,0,손가네 칼국수,108-25-36557,2024-02-01,카드
12,2024-01-06,M368,49000,4454,0,0,일시불계좌,0,피디헤어서브몰,312-14-97986,2024-02-01,카드
13,2024-01-08,M265,116440,0,0,0,일시불계좌,0,여기어때-(주)여기어때컴퍼니,411-86-01799,2024-02-01,카드
14,2024-01-08,M368,42800,3890,0,0,일시불계좌,0,일일수작 백석점,363-05-02904,2024-02-01,카드
15,2024-01-08,M265,110400,0,0,0,일시불계좌,0,한국철도공사,314-82-10024,2024-02-01,카드
16,2024-01-10,M368,9500,864,0,0,일시불계좌,0,버거킹 파주운정점,101-86-76277,2024-02-01,카드
17,2024-01-11,M265,4500,409,0,0,일시불계좌,0,우아한형제들,120-87-65763,2024-02-01,카드
18,2024-01-12,M368,10000,909,0,0,일시불계좌,0,메인스트림 프리저브드,118-04-30536,2024-02-01,카드
19,2024-01-12,M368,46000,4180,0,0,일시불계좌,0,아노브 주식회사,672-86-01977,2024-02-01,카드
20,2024-01-13,M368,5500,500,0,0,일시불계좌,0,공차 파주운정점,111-38-92744,2024-02-01,카드
21,2024-01-13,M265,17500,1591,0,0,일시불계좌,0,우아한형제들,120-87-65763,2024-02-01,카드
22,2024-01-14,M368,2200,199,0,0,일시불계좌,0,송사부수제쌀고로케,183-02-02739,2024-02-01,카드
23,2024-01-15,M368,29880,0,0,0,일시불계좌,0,무신사-(주)무신사,411-86-01799,2024-02-01,카드
24,2024-01-15,M368,30000,0,0,0,일시불계좌,0,라임피부비뇨기과,141-04-97293,2024-02-01,카드
25,2024-01-15,M368,79000,0,0,0,일시불계좌,0,메디칼약국,809-69-00122,2024-02-01,카드
26,2024-01-15,M368,2400,0,0,0,일시불계좌,0,씨유죽전현암점,871-45-00039,2024-02-01,카드
27,2024-01-16,M368,9000,818,0,0,일시불계좌,0,해피덮,308-27-00518,2024-02-01,카드
28,2024-01-16,M368,4400,400,0,0,일시불계좌,0,이삭토스트단대점,142-04-78509,2024-02-01,카드
29,2024-01-16,M368,4100,373,0,0,일시불계좌,0,파리바게뜨 죽전단국대점,142-07-93044,2024-02-01,카드
30,2024-01-16,M368,1300,0,0,0,일시불계좌,0,씨유(CU)수지단대점,215-17-16489,2024-02-01,카드
31,2024-01-16,M368,5800,0,0,0,일시불계좌,0,씨유(CU)수지단대점,215-17-16489,2024-02-01,카드
32,2024-01-17,M368,2900,0,0,0,일시불,0,교통-버스2건,214-81-37726,2024-02-01,카드
33,2024-01-17,M368,7500,682,0,0,일시불계좌,0,손가네 칼국수,108-25-36557,2024-02-01,카드
34,2024-01-17,M368,5100,464,0,0,일시불계좌,0,이삭토스트단대점,142-04-78509,2024-02-01,카드
35,2024-01-17,M368,4100,373,0,0,일시불계좌,0,파리바게뜨 죽전단국대점,142-07-93044,2024-02-01,카드
36,2024-01-17,M368,2100,0,0,0,일시불계좌,0,씨유(CU)수지단대점,215-17-16489,2024-02-01,카드
37,2024-01-17,M265,2400,0,0,0,일시불계좌,0,씨유죽전현암점,871-45-00039,2024-02-01,카드
38,2024-01-18,M368,7000,636,0,0,일시불계좌,0,해피덮,308-27-00518,2024-03-01,카드
39,2024-01-18,M368,7500,682,0,0,일시불계좌,0,손가네 칼국수,108-25-36557,2024-03-01,카드
40,2024-01-18,M368,2100,0,0,0,일시불계좌,0,씨유(CU)수지단대점,215-17-16489,2024-03-01,카드
41,2024-01-20,M368,7500,682,0,0,일시불계좌,0,손가네 칼국수,108-25-36557,2024-03-01,카드
42,2024-01-20,M265,4000,0,0,0,일시불계좌,0,이니시스_B-피자알,220-81-55597,2024-03-01,카드
43,2024-01-21,M265,13500,0,0,0,일시불계좌,0,Netflix_INICIS-넷플릭,220-81-55597,2024-03-01,카드
44,2024-01-22,M368,11000,1000,0,0,일시불계좌,0,태양약국,141-05-15283,2024-03-01,카드
45,2024-01-22,M368,3300,300,0,0,일시불계좌,0,파리바게뜨 운정이마트점,122-59-00045,2024-03-01,카드
46,2024-01-23,M368,37800,3436,0,0,일시불계좌,0,강릉새우,491-44-00194,2024-03-01,카드
47,2024-01-23,M368,33000,2999,0,0,일시불계좌,0,돌고래횟집,226-09-61655,2024-03-01,카드
48,2024-01-23,M368,13100,0,0,0,일시불계좌,0,씨유강릉사천진점,148-60-00382,2024-03-01,카드
49,2024-01-24,M368,10400,945,0,0,일시불계좌,0,버거킹 파주운정점,101-86-76277,2024-03-01,카드
50,2024-01-24,M368,3200,0,0,0,일시불계좌,0,GS25운정한울점,347-01-00134,2024-03-01,카드
51,2024-01-24,M368,46000,4181,0,0,일시불계좌,0,진리피자,339-78-00324,2024-03-01,카드
52,2024-01-24,M368,1100,100,0,0,일시불계좌,0,코레일유통주식회사(강릉역),107-86-57147,2024-03-01,카드
53,2024-01-25,M265,3900,0,0,0,일시불계좌,0,대표_카카오페이,527-88-00686,2024-03-01,카드
54,2024-01-26,M368,5200,0,0,0,일시불계좌,0,굿모닝힐의원,141-05-77066,2024-03-01,카드
55,2024-01-28,M368,19000,1727,0,0,일시불계좌,0,피디헤어서브몰,312-14-97986,2024-03-01,카드
56,2024-01-28,M368,3900,0,0,0,일시불계좌,0,씨유죽전현암점,871-45-00039,2024-03-01,카드
57,2024-01-29,M368,7000,636,0,0,일시불계좌,0,해피덮,308-27-00518,2024-03-01,카드
58,2024-01-29,M368,5200,0,0,0,일시불계좌,0,위편한내과,135-91-34385,2024-03-01,카드
59,2024-01-29,M368,2500,0,0,0,일시불계좌,0,우리민들레약국,142-08-52832,2024-03-01,카드
60,2024-01-29,M368,7500,681,0,0,일시불계좌,0,맘스터치 죽전새터마을점,593-17-01848,2024-03-01,카드
61,2024-01-29,M368,900,0,0,0,일시불계좌,0,씨유죽전현암점,871-45-00039,2024-03-01,카드
62,2024-01-30,M368,1500,136,0,0,일시불계좌,0,컴포즈커피 단대죽전점,704-05-02783,2024-03-01,카드
63,2024-01-30,M368,6500,591,0,0,일시불계좌,0,한솥도시락 죽전단국대점,365-05-02706,2024-03-01,카드
64,2024-01-30,M368,7500,682,0,0,일시불계좌,0,손가네 칼국수,108-25-36557,2024-03-01,카드
65,2024-01-31,M368,7000,636,0,0,일시불계좌,0,해피덮,308-27-00518,2024-03-01,카드
66,2024-01-31,M368,1300,118,0,0,일시불계좌,0,데일리원커피 (DAILY ONE COFFEE),384-10-00493,2024-03-01,카드
67,2024-01-31,M368,7500,681,0,0,일시불계좌,0,일미돈까스 단대점,865-45-00785,2024-03-01,카드
68,2024-01-31,M368,2400,0,0,0,일시불계좌,0,씨유죽전현암점,871-45-00039,2024-03-01,카드
69,2024-02-01,M368,7000,636,0,0,일시불계좌,0,해피덮,308-27-00518,2024-03-01,카드
70,2024-02-01,M368,7500,682,0,0,일시불계좌,0,손가네 칼국수,108-25-36557,2024-03-01,카드
71,2024-02-02,M368,3700,0,0,0,일시불계좌,0,굿모닝힐의원,141-05-77066,2024-03-01,카드
72,2024-02-02,M368,2700,0,0,0,일시불계좌,0,아름약국,392-04-00061,2024-03-01,카드
73,2024-02-03,M368,8700,791,0,0,일시불계좌,0,버거킹 파주운정점,101-86-76277,2024-03-01,카드
74,2024-02-04,M368,28800,2618,0,0,일시불계좌,0,파리바게뜨,128-14-20524,2024-03-01,카드
75,2024-02-04,M368,80400,7309,0,0,일시불계좌,0,밤리단길 코너그레이,156-32-01185,2024-03-01,카드
76,2024-02-05,M265,32000,0,0,0,일시불계좌,0,씨제이올리브영-씨제이올리브영,411-86-01799,2024-03-01,카드
77,2024-02-07,M368,2400,218,0,0,일시불계좌,0,달콤창고,166-05-01677,2024-03-01,카드
78,2024-02-08,M368,21300,0,0,0,일시불계좌,0,주식회사 헤르지아,738-86-00579,2024-03-01,카드
79,2024-02-08,M368,11000,1000,0,0,일시불계좌,0,예반,488-40-00701,2024-03-01,카드
80,2024-02-08,M368,1000,91,0,0,일시불계좌,0,유한회사 미래나르기,418-81-35975,2024-03-01,카드
81,2024-02-09,M368,6300,573,0,0,일시불계좌,0,메가엠지씨커피 일산저동점,784-16-01812,2024-03-01,카드
82,2024-02-10,M368,1000,91,0,0,일시불계좌,0,24 셀프 리페어,646-08-02251,2024-03-01,카드
83,2024-02-10,M368,1000,91,0,0,일시불계좌,0,24 셀프 리페어,646-08-02251,2024-03-01,카드
84,2024-02-15,M368,3600,327,0,0,일시불계좌,0,달콤창고,166-05-01677,2024-03-01,카드
85,2024-02-16,M368,3200,0,0,0,일시불계좌,0,GS25운정한울점,347-01-00134,2024-03-01,카드
86,2024-02-17,M368,1750,0,0,0,일시불,0,교통-지하철2건,214-81-37726,2024-03-01,카드
87,2024-02-17,M368,15050,0,0,0,일시불,0,교통-버스10건,214-81-37726,2024-03-01,카드
88,2024-02-17,M368,90700,8245,0,0,일시불계좌,0,설맥 파주산내점,494-18-01650,2024-03-01,카드
89,2024-02-20,M368,2600,236,0,0,일시불계좌,0,맘스터치,212-59-00028,2024-04-01,카드
90,2024-02-20,M368,4800,436,0,0,일시불계좌,0,노브랜드버거 파주문정한빛점,802-66-00488,2024-04-01,카드
91,2024-02-21,M368,18000,1636,0,0,일시불계좌,0,트리플 엑스,498-04-01086,2024-04-01,카드
92,2024-02-21,M368,2400,218,0,0,일시불계좌,0,달콤창고,166-05-01677,2024-04-01,카드
93,2024-02-21,M265,5500,0,0,0,일시불계좌,0,Netflix_INICIS-넷플릭,220-81-55597,2024-04-01,카드
94,2024-02-22,M368,104000,9455,0,0,일시불계좌,0,족발야시장 야당점,408-52-00260,2024-04-01,카드
95,2024-02-22,M368,77200,7021,0,0,일시불계좌,0,비원1079(B-ONE1079),477-03-02776,2024-04-01,카드
96,2024-02-25,M368,178000,0,0,0,일시불계좌,0,롯데쇼핑(주)프리미엄아울렛파주점-나이키,141-85-12110,2024-04-01,카드
97,2024-02-25,M265,3900,0,0,0,일시불계좌,0,대표_카카오페이,527-88-00686,2024-04-01,카드
98,2024-02-25,M368,24800,2252,0,0,일시불계좌,0,더티트렁크,681-73-00161,2024-04-01,카드
99,2024-02-27,M368,52000,4728,0,0,일시불계좌,0,집시포차,504-42-70269,2024-04-01,카드
100,2024-02-27,M368,99500,9045,0,0,일시불계좌,0,하노이 맥주밤거리(신촌점),404-45-00824,2024-04-01,카드
101,2024-02-28,M368,8000,727,0,0,일시불계좌,0,버거킹 파주운정점,101-86-76277,2024-04-01,카드
102,2024-02-29,M368,16200,0,0,0,일시불계좌,0,이동의즐거움_택시_0,129-86-38970,2024-04-01,카드
103,2024-02-29,M368,26000,0,0,0,일시불계좌,0,삼성물산(주)에버랜드리조트,135-85-04288,2024-04-01,카드
104,2024-02-29,M368,36400,0,0,0,일시불계좌,0,삼성물산(주)에버랜드리조트,135-85-04288,2024-04-01,카드
105,2024-02-29,M368,9300,0,0,0,일시불계좌,0,삼성물산(주)에버랜드리조트,135-85-04288,2024-04-01,카드
106,2024-02-29,M368,1000,0,0,0,일시불계좌,0,씨유(CU) 에버랜드점,601-85-16530,2024-04-01,카드
107,2024-03-01,M368,38700,0,0,0,일시불계좌,0,백소정야당점,850-33-01149,2024-04-01,카드
108,2024-03-01,M368,4500,409,0,0,일시불계좌,0,공차 파주야당점,650-26-01051,2024-04-01,카드
109,2024-03-03,M368,2400,0,0,0,일시불계좌,0,씨유죽전현암점,871-45-00039,2024-04-01,카드
110,2024-03-04,M265,15830,0,0,0,일시불계좌,0,씨제이올리브영-씨제이올리브영,411-86-01799,2024-04-01,카드
111,2024-03-04,M368,6900,627,0,0,일시불계좌,0,싸움의고수 죽전점,852-16-01814,2024-04-01,카드
112,2024-03-04,M368,5900,536,0,0,일시불계좌,0,에이바우트커피용인죽전점,593-85-01186,2024-04-01,카드
113,2024-03-04,M368,7500,681,0,0,일시불계좌,0,맘스터치 죽전새터마을점,593-17-01848,2024-04-01,카드
114,2024-03-04,M368,1900,0,0,0,일시불계좌,0,씨유죽전현암점,871-45-00039,2024-04-01,카드
115,2024-03-05,M368,660,0,0,0,일시불계좌,0,제이할인마트,673-07-02090,2024-04-01,카드
116,2024-03-05,M368,1800,164,0,0,일시불계좌,0,파리바게뜨 죽전단국대점,142-07-93044,2024-04-01,카드
117,2024-03-05,M368,8600,781,0,0,일시불계좌,0,싸움의고수 죽전점,852-16-01814,2024-04-01,카드
118,2024-03-06,M368,5500,500,0,0,일시불계좌,0,(주)리앤이라마띠네 단국대지사,858-85-01690,2024-04-01,카드
119,2024-03-06,M368,4300,391,0,0,일시불계좌,0,이삭토스트단대점,142-04-78509,2024-04-01,카드
120,2024-03-06,M368,4100,373,0,0,일시불계좌,0,파리바게뜨 죽전단국대점,142-07-93044,2024-04-01,카드
121,2024-03-06,M265,2000,0,0,0,일시불계좌,0,KCP결제-Google Play,113-85-21083,2024-04-01,카드
122,2024-03-07,M368,5500,500,0,0,일시불계좌,0,(주)리앤이라마띠네 단국대지사,858-85-01690,2024-04-01,카드
123,2024-03-07,M368,8600,781,0,0,일시불계좌,0,싸움의고수 죽전점,852-16-01814,2024-04-01,카드
124,2024-03-08,M368,4700,427,0,0,일시불계좌,0,배스킨라빈스,138-03-62224,2024-04-01,카드
125,2024-03-09,M368,190000,17272,0,0,일시불계좌,0,동패점 현대자동차,128-12-32744,2024-04-01,카드
126,2024-03-10,M368,39447,0,0,0,일시불계좌,0,무신사-(주)무신사,411-86-01799,2024-04-01,카드
127,2024-03-11,M368,6480,589,0,0,일시불계좌,0,제이할인마트,673-07-02090,2024-04-01,카드
128,2024-03-11,M368,7800,709,0,0,일시불계좌,0,세븐일레븐 용인수지죽전점,306-85-18346,2024-04-01,카드
129,2024-03-11,M368,8000,727,0,0,일시불계좌,0,맘스터치 죽전새터마을점,593-17-01848,2024-04-01,카드
130,2024-03-11,M368,5900,536,0,0,일시불계좌,0,에이바우트커피용인죽전점,593-85-01186,2024-04-01,카드
131,2024-03-11,M368,8500,772,0,0,일시불계좌,0,커리킹돈,335-67-00291,2024-04-01,카드
132,2024-03-11,M368,4700,427,0,0,일시불계좌,0,세븐일레븐 용인수지죽전점,306-85-18346,2024-04-01,카드
133,2024-03-11,M265,15400,1400,0,0,일시불계좌,0,우아한형제들,120-87-65763,2024-04-01,카드
134,2024-03-12,M368,23500,2137,0,0,일시불계좌,0,긴자료코 보정점,808-04-01833,2024-04-01,카드
135,2024-03-12,M368,500,45,0,0,일시불계좌,0,던킨도너츠 죽전보정점,695-81-02917,2024-04-01,카드
136,2024-03-12,M368,2400,0,0,0,일시불계좌,0,씨유죽전현암점,871-45-00039,2024-04-01,카드
137,2024-03-13,M368,100,0,0,0,일시불계좌,0,한국정보통신/통신판매-굿러닝파트너,116-81-19948,2024-04-01,카드
138,2024-03-13,M368,5500,500,0,0,일시불계좌,0,(주)리앤이라마띠네 단국대지사,858-85-01690,2024-04-01,카드
139,2024-03-13,M265,8500,773,0,0,일시불계좌,0,우아한형제들,120-87-65763,2024-04-01,카드
140,2024-03-14,M368,8600,781,0,0,일시불계좌,0,싸움의고수 죽전점,852-16-01814,2024-04-01,카드
141,2024-03-14,M368,17200,1564,0,0,일시불계좌,0,죽전우미2차점,142-07-32125,2024-04-01,카드
142,2024-03-14,M368,8300,754,0,0,일시불계좌,0,고봉민김밥용인죽전새터점,844-64-00324,2024-04-01,카드
143,2024-03-15,M368,7500,681,0,0,일시불계좌,0,맘스터치 죽전새터마을점,593-17-01848,2024-04-01,카드
144,2024-03-15,M368,2900,263,0,0,일시불계좌,0,에이바우트커피용인죽전점,593-85-01186,2024-04-01,카드
145,2024-03-15,M368,2900,263,0,0,일시불계좌,0,에이바우트커피용인죽전점,593-85-01186,2024-04-01,카드
146,2024-03-15,M368,86000,7814,0,0,일시불계좌,0,언니네주막,129-20-86821,2024-04-01,카드
147,2024-03-16,M368,30274,0,0,0,일시불계좌,0,KCP_C-더하르나이,113-85-21083,2024-04-01,카드
148,2024-03-16,M265,13500,1227,0,0,일시불계좌,0,우아한형제들,120-87-65763,2024-04-01,카드
149,2024-03-16,M368,12710,0,0,0,일시불계좌,0,쿠팡이츠-쿠팡 주식회사,105-87-65162,2024-04-01,카드
150,2024-03-17,M368,47750,0,0,0,일시불,0,교통-버스25건,214-81-37726,2024-04-01,카드
151,2024-03-17,M368,6900,627,0,0,일시불계좌,0,싸움의고수 죽전점,852-16-01814,2024-04-01,카드
152,2024-03-17,M265,8500,773,0,0,일시불계좌,0,우아한형제들,120-87-65763,2024-04-01,카드
153,2024-03-17,M368,5000,0,0,0,일시불계좌,0,스타벅스 코리아,201-81-21515,2024-04-01,카드
154,2024-03-18,M368,10480,634,0,0,일시불계좌,0,제이할인마트,673-07-02090,2024-05-01,카드
155,2024-03-18,M368,6900,627,0,0,일시불계좌,0,맘스터치 죽전새터마을점,593-17-01848,2024-05-01,카드
156,2024-03-18,M368,6360,0,0,0,일시불계좌,0,후레쉬 정육점,274-90-01616,2024-05-01,카드
157,2024-03-18,M265,6200,564,0,0,일시불계좌,0,우아한형제들,120-87-65763,2024-05-01,카드
158,2024-03-19,M368,7000,636,0,0,일시불계좌,0,해피덮,308-27-00518,2024-05-01,카드
159,2024-03-20,M368,5500,500,0,0,일시불계좌,0,(주)리앤이라마띠네 단국대지사,858-85-01690,2024-05-01,카드
160,2024-03-20,M368,1300,118,0,0,일시불계좌,0,데일리원커피 (DAILY ONE COFFEE),384-10-00493,2024-05-01,카드
161,2024-03-20,M368,4300,391,0,0,일시불계좌,0,이삭토스트단대점,142-04-78509,2024-05-01,카드
162,2024-03-20,M368,4100,373,0,0,일시불계좌,0,파리바게뜨 죽전단국대점,142-07-93044,2024-05-01,카드
163,2024-03-21,M368,8600,781,0,0,일시불계좌,0,싸움의고수 죽전점,852-16-01814,2024-05-01,카드
164,2024-03-21,M368,4100,373,0,0,일시불계좌,0,파리바게뜨 죽전단국대점,142-07-93044,2024-05-01,카드
165,2024-03-21,M265,5500,0,0,0,일시불계좌,0,Netflix_INICIS-넷플릭,220-81-55597,2024-05-01,카드
166,2024-03-21,M368,24510,0,0,0,일시불계좌,0,쿠팡이츠-쿠팡 주식회사,105-87-65162,2024-05-01,카드
167,2024-03-22,M368,3900,354,0,0,일시불계좌,0,에이바우트커피용인죽전점,593-85-01186,2024-05-01,카드
168,2024-03-22,M368,7800,709,0,0,일시불계좌,0,배스킨라빈스,138-03-62224,2024-05-01,카드
169,2024-03-23,M368,10610,0,0,0,일시불계좌,0,쿠팡이츠-쿠팡 주식회사,105-87-65162,2024-05-01,카드
170,2024-03-24,M265,6900,627,0,0,일시불계좌,0,우아한형제들,120-87-65763,2024-05-01,카드
171,2024-03-24,M368,11960,0,0,0,일시불계좌,0,쿠팡이츠-쿠팡 주식회사,105-87-65162,2024-05-01,카드
172,2024-03-25,M368,17740,0,0,0,일시불계좌,0,지에스 더 프레시(GS THE FRESH) 죽전현암,620-25-01596,2024-05-01,카드
173,2024-03-25,M265,3900,0,0,0,일시불계좌,0,대표_카카오페이,527-88-00686,2024-05-01,카드
174,2024-03-25,M368,15000,1364,0,0,일시불계좌,0,손가네 칼국수,108-25-36557,2024-05-01,카드
175,2024-03-25,M368,2000,182,0,0,일시불계좌,0,메가엠지씨커피 죽전단대점,875-07-02075,2024-05-01,카드
176,2024-03-26,M265,25700,0,0,0,일시불계좌,0,(주)우아한형제들-주식회사 우아한형제들,411-86-01799,2024-05-01,카드
177,2024-03-26,M368,1100,0,0,0,일시불계좌,0,주식회사단비,142-81-30113,2024-05-01,카드
178,2024-03-26,M368,9900,900,0,0,일시불계좌,0,제이할인마트,673-07-02090,2024-05-01,카드
179,2024-03-26,M368,2400,0,0,0,일시불계좌,0,씨유죽전현암점,871-45-00039,2024-05-01,카드
180,2024-03-27,M368,6500,591,0,0,일시불계좌,0,(주)리앤이라마띠네 단국대지사,858-85-01690,2024-05-01,카드
181,2024-03-27,M368,2000,182,0,0,일시불계좌,0,메가엠지씨커피 죽전단대점,875-07-02075,2024-05-01,카드
182,2024-03-27,M368,4300,391,0,0,일시불계좌,0,이삭토스트단대점,142-04-78509,2024-05-01,카드
183,2024-03-27,M368,4100,373,0,0,일시불계좌,0,파리바게뜨 죽전단국대점,142-07-93044,2024-05-01,카드
184,2024-03-28,M368,3800,345,0,0,일시불계좌,0,죽전우미2차점,142-07-32125,2024-05-01,카드
185,2024-03-29,M368,8600,781,0,0,일시불계좌,0,싸움의고수 죽전점,852-16-01814,2024-05-01,카드
186,2024-03-29,M368,26500,2409,0,0,일시불계좌,0,하나온누리약국,704-72-00360,2024-05-01,카드
187,2024-03-29,M368,8000,727,0,0,일시불계좌,0,(주)비케이알 버거킹 상암점,101-86-76277,2024-05-01,카드
188,2024-03-29,M368,1000,0,0,0,일시불계좌,0,씨유(CU) 마포상암점,756-09-02142,2024-05-01,카드
189,2024-03-30,M368,13200,0,0,0,일시불계좌,0,쿠팡이츠-쿠팡 주식회사,105-87-65162,2024-05-01,카드
190,2024-03-31,M368,6500,590,0,0,일시불계좌,0,에이바우트커피용인죽전점,593-85-01186,2024-05-01,카드
191,2024-03-31,M368,35000,3181,0,0,일시불계좌,0,화로상회 죽전1호점,532-50-00953,2024-05-01,카드
192,2024-04-01,M368,24080,0,0,0,일시불계좌,0,지에스 더 프레시(GS THE FRESH) 죽전현암,620-25-01596,2024-05-01,카드
193,2024-04-02,M368,1500,136,0,0,일시불계좌,0,메가엠지씨커피 죽전단대점,875-07-02075,2024-05-01,카드
194,2024-04-02,M368,1600,0,0,0,일시불계좌,0,씨유죽전현암점,871-45-00039,2024-05-01,카드
195,2024-04-03,M368,39840,0,0,0,일시불계좌,0,무신사-(주)무신사,411-86-01799,2024-05-01,카드
196,2024-04-03,M368,7230,309,0,0,일시불계좌,0,제이할인마트,673-07-02090,2024-05-01,카드
197,2024-04-03,M368,6900,627,0,0,일시불계좌,0,싸움의고수 죽전점,852-16-01814,2024-05-01,카드
198,2024-04-03,M368,3551,323,0,0,일시불계좌,0,Amazon_AWS-아마존웹서비시즈코리아 유한책,113-85-21083,2024-05-01,카드
199,2024-04-03,M368,2400,0,0,0,일시불계좌,0,씨유죽전현암점,871-45-00039,2024-05-01,카드
200,2024-04-04,M368,1900,172,0,0,일시불계좌,0,데일리원커피 (DAILY ONE COFFEE),384-10-00493,2024-05-01,카드
201,2024-04-05,M368,15800,0,0,0,일시불계좌,0,쿠팡이츠-쿠팡 주식회사,105-87-65162,2024-05-01,카드
202,2024-04-06,M368,7000,636,0,0,일시불계좌,0,해피덮,308-27-00518,2024-05-01,카드
203,2024-04-06,M368,1900,172,0,0,일시불계좌,0,데일리원커피 (DAILY ONE COFFEE),384-10-00493,2024-05-01,카드
204,2024-04-06,M368,22900,0,0,0,일시불계좌,0,쿠팡이츠-쿠팡 주식회사,105-87-65162,2024-05-01,카드
205,2024-04-07,M368,10900,0,0,0,일시불계좌,0,쿠팡이츠-쿠팡 주식회사,105-87-65162,2024-05-01,카드
206,2024-04-07,M368,18000,0,0,0,일시불계좌,0,쿠팡이츠-쿠팡 주식회사,105-87-65162,2024-05-01,카드
207,2024-04-07,M368,5500,0,0,0,일시불계좌,0,씨유죽전현암점,871-45-00039,2024-05-01,카드
208,2024-04-08,M368,21900,0,0,0,일시불계좌,0,쿠팡이츠-쿠팡 주식회사,105-87-65162,2024-05-01,카드
209,2024-04-09,M368,2000,182,0,0,일시불계좌,0,메가엠지씨커피 죽전단대점,875-07-02075,2024-05-01,카드
210,2024-04-10,M368,4000,0,0,0,일시불계좌,0,GS25운정한울점,347-01-00134,2024-05-01,카드
211,2024-04-10,M368,19000,1727,0,0,일시불계좌,0,피디헤어서브몰,312-14-97986,2024-05-01,카드
212,2024-04-11,M368,8300,754,0,0,일시불계좌,0,고봉민김밥용인죽전새터점,844-64-00324,2024-05-01,카드
213,2024-04-11,M368,35000,3181,0,0,일시불계좌,0,파스타하우스(PastaHouse),771-01-02015,2024-05-01,카드
214,2024-04-12,M368,5900,536,0,0,일시불계좌,0,에이바우트커피용인죽전점,593-85-01186,2024-05-01,카드
215,2024-04-13,M368,7910,0,0,0,일시불계좌,0,쿠팡이츠-쿠팡 주식회사,105-87-65162,2024-05-01,카드
216,2024-04-14,M368,9000,0,0,0,일시불계좌,0,쿠팡이츠-쿠팡 주식회사,105-87-65162,2024-05-01,카드
217,2024-04-14,M368,2400,0,0,0,일시불계좌,0,씨유죽전현암점,871-45-00039,2024-05-01,카드
218,2024-04-15,M368,10230,0,0,0,일시불계좌,0,지에스 더 프레시(GS THE FRESH) 죽전현암,620-25-01596,2024-05-01,카드
219,2024-04-15,M368,8600,781,0,0,일시불계좌,0,싸움의고수 죽전점,852-16-01814,2024-05-01,카드
220,2024-04-16,M368,4400,399,0,0,일시불계좌,0,에이바우트커피용인죽전점,593-85-01186,2024-05-01,카드
221,2024-04-16,M368,8500,772,0,0,일시불계좌,0,커리킹돈,335-67-00291,2024-05-01,카드
222,2024-04-17,M368,13600,0,0,0,일시불,0,교통-버스8건,214-81-37726,2024-05-01,카드
223,2024-04-17,M368,2400,0,0,0,일시불,0,교통-지하철1건,214-81-37726,2024-05-01,카드
224,2024-04-17,M368,2000,182,0,0,일시불계좌,0,메가엠지씨커피 죽전단대점,875-07-02075,2024-05-01,카드
225,2024-04-17,M368,12200,0,0,0,일시불계좌,0,쿠팡이츠-쿠팡 주식회사,105-87-65162,2024-05-01,카드
226,2024-04-18,M368,2000,182,0,0,일시불계좌,0,메가엠지씨커피 죽전단대점,875-07-02075,2024-06-01,카드
227,2024-04-18,M368,23900,0,0,0,일시불계좌,0,쿠팡이츠-쿠팡 주식회사,105-87-65162,2024-06-01,카드
228,2024-04-18,M368,1500,0,0,0,일시불계좌,0,씨유죽전현암점,871-45-00039,2024-06-01,카드
229,2024-04-19,M368,3000,272,0,0,일시불계좌,0,데일리원커피 (DAILY ONE COFFEE),384-10-00493,2024-06-01,카드
230,2024-04-19,M368,21000,0,0,0,일시불계좌,0,쿠팡이츠-쿠팡 주식회사,105-87-65162,2024-06-01,카드
231,2024-04-20,M368,7000,636,0,0,일시불계좌,0,해피덮,308-27-00518,2024-06-01,카드
232,2024-04-20,M368,3000,272,0,0,일시불계좌,0,데일리원커피 (DAILY ONE COFFEE),384-10-00493,2024-06-01,카드
233,2024-04-20,M368,21000,0,0,0,일시불계좌,0,쿠팡이츠-쿠팡 주식회사,105-87-65162,2024-06-01,카드
234,2024-04-21,M368,8300,754,0,0,일시불계좌,0,고봉민김밥용인죽전새터점,844-64-00324,2024-06-01,카드
235,2024-04-21,M368,3500,318,0,0,일시불계좌,0,메가엠지씨커피 용인죽전점,875-23-01834,2024-06-01,카드
236,2024-04-21,M368,2400,0,0,0,일시불계좌,0,씨유죽전현암점,871-45-00039,2024-06-01,카드
237,2024-04-22,M368,11930,0,0,0,일시불계좌,0,지에스 더 프레시(GS THE FRESH) 죽전현암,620-25-01596,2024-06-01,카드
238,2024-04-22,M368,100,0,0,0,일시불계좌,0,한국정보통신/통신판매-굿러닝파트너,116-81-19948,2024-06-01,카드
239,2024-04-22,M368,200,0,0,0,일시불계좌,0,한국정보통신/통신판매-굿러닝파트너,116-81-19948,2024-06-01,카드
240,2024-04-22,M368,6900,627,0,0,일시불계좌,0,맘스터치 죽전새터마을점,593-17-01848,2024-06-01,카드
241,2024-04-22,M368,5500,0,0,0,일시불계좌,0,Netflix_INICIS-넷플릭,220-81-55597,2024-06-01,카드
242,2024-04-22,M368,10000,0,0,0,일시불계좌,0,쿠팡이츠-쿠팡 주식회사,105-87-65162,2024-06-01,카드
243,2024-04-23,M368,2000,182,0,0,일시불계좌,0,메가엠지씨커피 죽전단대점,875-07-02075,2024-06-01,카드
244,2024-04-24,M368,2000,182,0,0,일시불계좌,0,메가엠지씨커피 죽전단대점,875-07-02075,2024-06-01,카드
245,2024-04-24,M368,6500,591,0,0,일시불계좌,0,(주)리앤이라마띠네 단국대지사,858-85-01690,2024-06-01,카드
246,2024-04-24,M368,21500,0,0,0,일시불계좌,0,쿠팡이츠-쿠팡 주식회사,105-87-65162,2024-06-01,카드
247,2024-04-25,M368,2000,182,0,0,일시불계좌,0,메가엠지씨커피 죽전단대점,875-07-02075,2024-06-01,카드
248,2024-04-25,M368,23800,0,0,0,일시불계좌,0,쿠팡이츠-쿠팡 주식회사,105-87-65162,2024-06-01,카드
249,2024-04-26,M368,2000,182,0,0,일시불계좌,0,메가엠지씨커피 죽전단대점,875-07-02075,2024-06-01,카드
250,2024-04-26,M368,5500,500,0,0,일시불계좌,0,(주)리앤이라마띠네 단국대지사,858-85-01690,2024-06-01,카드
251,2024-04-26,M368,1200,0,0,0,일시불계좌,0,씨유죽전현암점,871-45-00039,2024-06-01,카드
252,2024-04-27,M368,2300,209,0,0,일시불계좌,0,죽전우미2차점,142-07-32125,2024-06-01,카드
253,2024-04-27,M368,8000,727,0,0,일시불계좌,0,손가네 칼국수,108-25-36557,2024-06-01,카드
254,2024-04-27,M368,3500,318,0,0,일시불계좌,0,메가엠지씨커피 죽전단대점,875-07-02075,2024-06-01,카드
255,2024-04-27,M368,21900,0,0,0,일시불계좌,0,쿠팡이츠-쿠팡 주식회사,105-87-65162,2024-06-01,카드
256,2024-04-28,M368,7500,681,0,0,일시불계좌,0,맘스터치 죽전새터마을점,593-17-01848,2024-06-01,카드
257,2024-04-28,M368,4400,399,0,0,일시불계좌,0,에이바우트커피용인죽전점,593-85-01186,2024-06-01,카드
258,2024-04-28,M368,10000,0,0,0,일시불계좌,0,쿠팡이츠-쿠팡 주식회사,105-87-65162,2024-06-01,카드
259,2024-04-28,M368,1500,0,0,0,일시불계좌,0,씨유죽전현암점,871-45-00039,2024-06-01,카드
260,2024-04-29,M368,2000,182,0,0,일시불계좌,0,메가엠지씨커피 죽전단대점,875-07-02075,2024-06-01,카드
261,2024-04-29,M368,16600,0,0,0,일시불계좌,0,쿠팡이츠-쿠팡 주식회사,105-87-65162,2024-06-01,카드
262,2024-04-29,M368,18300,0,0,0,일시불계좌,0,쿠팡이츠-쿠팡 주식회사,105-87-65162,2024-06-01,카드
263,2024-04-30,M368,12250,0,0,0,일시불계좌,0,지에스 더 프레시(GS THE FRESH) 죽전현암,620-25-01596,2024-06-01,카드
264,2024-04-30,M368,50,0,0,0,일시불계좌,0,한국정보통신/통신판매-굿러닝파트너,116-81-19948,2024-06-01,카드
265,2024-04-30,M368,8300,754,0,0,일시불계좌,0,고봉민김밥용인죽전새터점,844-64-00324,2024-06-01,카드
266,2024-04-30,M368,8800,800,0,0,일시불계좌,0,쥬씨 (죽전단국대점),838-17-00489,2024-06-01,카드
267,2024-04-30,M368,11100,1009,0,0,일시불계좌,0,제이할인마트,673-07-02090,2024-06-01,카드
268,2024-05-01,M368,18596,0,0,0,일시불계좌,0,KCP_C-더하르나이,113-85-21083,2024-06-01,카드
269,2024-05-02,M368,16500,1500,0,0,일시불계좌,0,제이할인마트,673-07-02090,2024-06-01,카드
270,2024-05-02,M368,39000,3544,0,0,일시불계좌,0,화로상회 죽전1호점,532-50-00953,2024-06-01,카드
271,2024-05-02,M368,30000,0,0,0,일시불계좌,0,워시테리아 수지현암로점,885-03-01420,2024-06-01,카드
272,2024-05-03,M368,18910,0,0,0,일시불계좌,0,지에스 더 프레시(GS THE FRESH) 죽전현암,620-25-01596,2024-06-01,카드
273,2024-05-03,M368,5476,498,0,0,일시불계좌,0,Amazon_AWS-아마존웹서비시즈코리아 유한책,113-85-21083,2024-06-01,카드
274,2024-05-04,M368,13000,0,0,0,일시불계좌,0,쿠팡이츠-쿠팡 주식회사,105-87-65162,2024-06-01,카드
275,2024-05-05,M368,33000,3000,0,0,일시불계좌,0,그레이스 헤어(GRACE HAIR),655-03-00174,2024-06-01,카드
276,2024-05-05,M368,7500,681,0,0,일시불계좌,0,맘스터치 죽전새터마을점,593-17-01848,2024-06-01,카드
277,2024-05-05,M368,3900,354,0,0,일시불계좌,0,에이바우트커피용인죽전점,593-85-01186,2024-06-01,카드
278,2024-05-05,M368,2900,263,0,0,일시불계좌,0,에이바우트커피용인죽전점,593-85-01186,2024-06-01,카드
279,2024-05-06,M368,4000,0,0,0,일시불계좌,0,포토이즘박스 건대점,635-76-00378,2024-06-01,카드
280,2024-05-06,M368,3600,327,0,0,일시불계좌,0,고망고 건대중문점,492-09-01889,2024-06-01,카드
281,2024-05-06,M368,6000,545,0,0,일시불계좌,0,와플샵,532-14-01779,2024-06-01,카드
282,2024-05-06,M368,5400,0,0,0,일시불계좌,0,CGV건대입구/CJCGV(씨제이 씨지브이)(주),104-81-45690,2024-06-01,카드
283,2024-05-07,M368,8300,754,0,0,일시불계좌,0,고봉민김밥용인죽전새터점,844-64-00324,2024-06-01,카드
284,2024-05-07,M368,2000,182,0,0,일시불계좌,0,메가엠지씨커피 용인죽전점,875-23-01834,2024-06-01,카드
285,2024-05-07,M368,2400,0,0,0,일시불계좌,0,씨유죽전현암점,871-45-00039,2024-06-01,카드
286,2024-05-07,M368,1200,0,0,0,일시불계좌,0,씨유죽전현암점,871-45-00039,2024-06-01,카드
287,2024-05-07,M368,13500,0,0,0,일시불계좌,0,쿠팡이츠-쿠팡 주식회사,105-87-65162,2024-06-01,카드
288,2024-05-08,M368,20710,0,0,0,일시불계좌,0,지에스 더 프레시(GS THE FRESH) 죽전현암,620-25-01596,2024-06-01,카드
289,2024-05-08,M368,2000,182,0,0,일시불계좌,0,메가엠지씨커피 죽전단대점,875-07-02075,2024-06-01,카드
290,2024-05-08,M368,6500,591,0,0,일시불계좌,0,(주)리앤이라마띠네 단국대지사,858-85-01690,2024-06-01,카드
291,2024-05-09,M368,3000,272,0,0,일시불계좌,0,데일리원커피 (DAILY ONE COFFEE),384-10-00493,2024-06-01,카드
292,2024-05-09,M368,8300,754,0,0,일시불계좌,0,고봉민김밥용인죽전새터점,844-64-00324,2024-06-01,카드
293,2024-05-10,M368,7000,0,0,0,일시불계좌,0,인터넷상거래-나이스평가정보주식회사,411-86-01799,2024-06-01,카드
294,2024-05-10,M368,7000,0,0,0,일시불계좌,0,인터넷상거래-나이스평가정보주식회사,411-86-01799,2024-06-01,카드
295,2024-05-11,M368,12200,0,0,0,일시불계좌,0,쿠팡이츠-쿠팡 주식회사,105-87-65162,2024-06-01,카드
296,2024-05-12,M368,12200,0,0,0,일시불계좌,0,쿠팡이츠-쿠팡 주식회사,105-87-65162,2024-06-01,카드
297,2024-05-12,M368,9900,0,0,0,일시불계좌,0,쿠팡이츠-쿠팡 주식회사,105-87-65162,2024-06-01,카드
298,2024-05-13,M368,12400,0,0,0,일시불계좌,0,쿠팡이츠-쿠팡 주식회사,105-87-65162,2024-06-01,카드
299,2024-05-13,M368,1500,0,0,0,일시불계좌,0,씨유죽전현암점,871-45-00039,2024-06-01,카드
300,2024-05-14,M368,20690,0,0,0,일시불계좌,0,지에스 더 프레시(GS THE FRESH) 죽전현암,620-25-01596,2024-06-01,카드
301,2024-05-14,M368,50,0,0,0,일시불계좌,0,한국정보통신/통신판매-굿러닝파트너,116-81-19948,2024-06-01,카드
302,2024-05-14,M368,820,0,0,0,일시불계좌,0,국군복지단,106-83-07115,2024-06-01,카드
303,2024-05-14,M368,45000,4090,0,0,일시불계좌,0,6월의 강,893-08-01746,2024-06-01,카드
304,2024-05-14,M368,2000,182,0,0,일시불계좌,0,욜로PC방 용인죽전점,822-73-00476,2024-06-01,카드
305,2024-05-14,M368,2400,0,0,0,일시불계좌,0,씨유죽전현암점,871-45-00039,2024-06-01,카드
306,2024-05-15,M368,4300,390,0,0,일시불계좌,0,조스트,414-04-99068,2024-06-01,카드
307,2024-05-16,M368,3000,273,0,0,일시불계좌,0,메가엠지씨커피 죽전단대점,875-07-02075,2024-06-01,카드
308,2024-05-16,M368,2400,0,0,0,일시불계좌,0,씨유죽전현암점,871-45-00039,2024-06-01,카드
309,2024-05-17,M368,5600,0,0,0,일시불,0,교통-버스2건,214-81-37726,2024-06-01,카드
310,2024-05-17,M368,5500,500,0,0,일시불계좌,0,(주)리앤이라마띠네 단국대지사,858-85-01690,2024-06-01,카드
311,2024-05-17,M368,10000,0,0,0,일시불계좌,0,쿠팡페이 주식회사-쿠팡 주식회사,105-87-65162,2024-06-01,카드
312,2024-05-18,M368,5300,482,0,0,일시불계좌,0,죽전우미2차점,142-07-32125,2024-07-01,카드
313,2024-05-18,M368,16000,1455,0,0,일시불계좌,0,손가네 칼국수,108-25-36557,2024-07-01,카드
314,2024-05-18,M368,800,73,0,0,일시불계좌,0,올댓스윗 죽전점,375-40-01030,2024-07-01,카드
315,2024-05-18,M368,89770,0,0,0,일시불계좌,0,무신사-(주)무신사,411-86-01799,2024-07-01,카드
316,2024-05-19,M368,8800,0,0,0,일시불계좌,0,쿠팡이츠-쿠팡 주식회사,105-87-65162,2024-07-01,카드
317,2024-05-20,M368,2000,182,0,0,일시불계좌,0,메가엠지씨커피 죽전단대점,875-07-02075,2024-07-01,카드
318,2024-05-20,M368,26000,0,0,0,일시불계좌,0,쿠팡이츠-쿠팡 주식회사,105-87-65162,2024-07-01,카드
319,2024-05-21,M368,8300,754,0,0,일시불계좌,0,고봉민김밥용인죽전새터점,844-64-00324,2024-07-01,카드
320,2024-05-21,M368,2000,182,0,0,일시불계좌,0,메가엠지씨커피 죽전단대점,875-07-02075,2024-07-01,카드
321,2024-05-21,M368,5500,500,0,0,일시불계좌,0,Netflix.com-Netflix,113-85-21083,2024-07-01,카드
322,2024-05-22,M368,2000,182,0,0,일시불계좌,0,메가엠지씨커피 죽전단대점,875-07-02075,2024-07-01,카드
323,2024-05-22,M368,5500,500,0,0,일시불계좌,0,(주)리앤이라마띠네 단국대지사,858-85-01690,2024-07-01,카드
324,2024-05-22,M368,39000,3544,0,0,일시불계좌,0,화로상회 죽전1호점,532-50-00953,2024-07-01,카드
325,2024-05-23,M368,4300,390,0,0,일시불계좌,0,조스트,414-04-99068,2024-07-01,카드
326,2024-05-23,M368,2000,182,0,0,일시불계좌,0,메가엠지씨커피 죽전단대점,875-07-02075,2024-07-01,카드
327,2024-05-24,M368,4300,390,0,0,일시불계좌,0,조스트,414-04-99068,2024-07-01,카드
328,2024-05-24,M368,2000,182,0,0,일시불계좌,0,메가엠지씨커피 죽전단대점,875-07-02075,2024-07-01,카드
329,2024-05-24,M368,21500,0,0,0,일시불계좌,0,쿠팡이츠-쿠팡 주식회사,105-87-65162,2024-07-01,카드
330,2024-05-25,M368,1850,0,0,0,일시불계좌,0,GS25단국대소프트웨어관점,697-85-01760,2024-07-01,카드
331,2024-05-25,M368,4300,390,0,0,일시불계좌,0,조스트,414-04-99068,2024-07-01,카드
332,2024-05-25,M368,1900,172,0,0,일시불계좌,0,데일리원커피 (DAILY ONE COFFEE),384-10-00493,2024-07-01,카드
333,2024-05-26,M368,6900,627,0,0,일시불계좌,0,맘스터치 죽전새터마을점,593-17-01848,2024-07-01,카드
334,2024-05-26,M368,13300,0,0,0,일시불계좌,0,쿠팡이츠-쿠팡 주식회사,105-87-65162,2024-07-01,카드
335,2024-05-26,M368,2400,0,0,0,일시불계좌,0,씨유죽전현암점,871-45-00039,2024-07-01,카드
336,2024-05-27,M368,30600,0,0,0,일시불계좌,0,무신사-(주)무신사,411-86-01799,2024-07-01,카드
337,2024-05-27,M368,4300,390,0,0,일시불계좌,0,조스트,414-04-99068,2024-07-01,카드
338,2024-05-27,M368,10900,0,0,0,일시불계좌,0,쿠팡이츠-쿠팡 주식회사,105-87-65162,2024-07-01,카드
339,2024-05-28,M368,11890,0,0,0,일시불계좌,0,무신사-(주)무신사,411-86-01799,2024-07-01,카드
340,2024-05-28,M368,4300,390,0,0,일시불계좌,0,조스트,414-04-99068,2024-07-01,카드
341,2024-05-28,M368,28000,0,0,0,일시불계좌,0,쿠팡이츠-쿠팡 주식회사,105-87-65162,2024-07-01,카드
342,2024-05-29,M368,4300,390,0,0,일시불계좌,0,조스트,414-04-99068,2024-07-01,카드
343,2024-05-30,M368,4300,390,0,0,일시불계좌,0,조스트,414-04-99068,2024-07-01,카드
344,2024-05-30,M368,6000,545,0,0,일시불계좌,0,서울호떡용인죽전점,537-18-02000,2024-07-01,카드
345,2024-05-31,M368,3500,318,0,0,일시불계좌,0,메가엠지씨커피 죽전단대점,875-07-02075,2024-07-01,카드
346,2024-05-31,M368,22120,0,0,0,일시불계좌,0,무신사-(주)무신사,411-86-01799,2024-07-01,카드
347,2024-06-01,M368,9800,0,0,0,일시불계좌,0,쿠팡이츠-쿠팡 주식회사,105-87-65162,2024-07-01,카드
348,2024-06-02,M368,38469,0,0,0,일시불계좌,0,무신사-(주)무신사,411-86-01799,2024-07-01,카드
349,2024-06-02,M368,386,36,0,0,일시불계좌,0,Amazon_AWS-아마존웹서비시즈코리아 유한책,113-85-21083,2024-07-01,카드
350,2024-06-02,M368,10900,0,0,0,일시불계좌,0,쿠팡이츠-쿠팡 주식회사,105-87-65162,2024-07-01,카드
351,2024-06-02,M368,3100,0,0,0,일시불계좌,0,씨유죽전현암점,871-45-00039,2024-07-01,카드
352,2024-06-03,M368,1900,172,0,0,일시불계좌,0,데일리원커피 (DAILY ONE COFFEE),384-10-00493,2024-07-01,카드
353,2024-06-03,M368,16600,0,0,0,일시불계좌,0,쿠팡이츠-쿠팡 주식회사,105-87-65162,2024-07-01,카드
354,2024-06-03,M368,21800,0,0,0,일시불계좌,0,쿠팡이츠-쿠팡 주식회사,105-87-65162,2024-07-01,카드
355,2024-06-04,M368,4300,390,0,0,일시불계좌,0,조스트,414-04-99068,2024-07-01,카드
356,2024-06-04,M368,1900,172,0,0,일시불계좌,0,데일리원커피 (DAILY ONE COFFEE),384-10-00493,2024-07-01,카드
357,2024-06-04,M368,10900,0,0,0,일시불계좌,0,쿠팡이츠-쿠팡 주식회사,105-87-65162,2024-07-01,카드
358,2024-06-05,M368,2000,182,0,0,일시불계좌,0,메가엠지씨커피 죽전단대점,875-07-02075,2024-07-01,카드
359,2024-06-05,M368,12000,0,0,0,일시불계좌,0,쿠팡이츠-쿠팡 주식회사,105-87-65162,2024-07-01,카드
360,2024-06-06,M368,2000,182,0,0,일시불계좌,0,메가엠지씨커피 죽전단대점,875-07-02075,2024-07-01,카드
361,2024-06-06,M368,1200,109,0,0,일시불계좌,0,올댓스윗 죽전점,375-40-01030,2024-07-01,카드
362,2024-06-07,M368,2000,182,0,0,일시불계좌,0,메가엠지씨커피 죽전단대점,875-07-02075,2024-07-01,카드
363,2024-06-07,M368,5500,500,0,0,일시불계좌,0,(주)리앤이라마띠네 단국대지사,858-85-01690,2024-07-01,카드
364,2024-06-07,M368,21800,0,0,0,일시불계좌,0,호식당,517-57-00690,2024-07-01,카드
365,2024-06-08,M368,11000,0,0,0,일시불계좌,0,쿠팡이츠-쿠팡 주식회사,105-87-65162,2024-07-01,카드
366,2024-06-08,M368,10900,0,0,0,일시불계좌,0,쿠팡이츠-쿠팡 주식회사,105-87-65162,2024-07-01,카드
367,2024-06-09,M368,3600,327,0,0,일시불계좌,0,세븐일레븐 용인수지죽전점,306-85-18346,2024-07-01,카드
368,2024-06-09,M368,13000,1181,0,0,일시불계좌,0,그레이스 헤어(GRACE HAIR),655-03-00174,2024-07-01,카드
369,2024-06-10,M368,200,0,0,0,일시불계좌,0,한국정보통신/통신판매-굿러닝파트너,116-81-19948,2024-07-01,카드
370,2024-06-10,M368,200,0,0,0,일시불계좌,0,한국정보통신/통신판매-굿러닝파트너,116-81-19948,2024-07-01,카드
371,2024-06-10,M368,6800,617,0,0,일시불계좌,0,조스트,414-04-99068,2024-07-01,카드
372,2024-06-10,M368,9710,0,0,0,일시불계좌,0,쿠팡이츠-쿠팡 주식회사,105-87-65162,2024-07-01,카드
373,2024-06-11,M368,2000,182,0,0,일시불계좌,0,메가엠지씨커피 죽전단대점,875-07-02075,2024-07-01,카드
374,2024-06-11,M368,8900,809,0,0,일시불계좌,0,제이할인마트,673-07-02090,2024-07-01,카드
375,2024-06-11,M368,8600,781,0,0,일시불계좌,0,싸움의고수 죽전점,852-16-01814,2024-07-01,카드
376,2024-06-11,M368,3900,355,0,0,일시불계좌,0,배스킨라빈스,138-03-62224,2024-07-01,카드
377,2024-06-11,M368,1500,0,0,0,일시불계좌,0,씨유죽전현암점,871-45-00039,2024-07-01,카드
378,2024-06-12,M368,2000,182,0,0,일시불계좌,0,메가엠지씨커피 죽전단대점,875-07-02075,2024-07-01,카드
379,2024-06-12,M368,6500,591,0,0,일시불계좌,0,(주)리앤이라마띠네 단국대지사,858-85-01690,2024-07-01,카드
380,2024-06-12,M368,6000,545,0,0,일시불계좌,0,대학약국,135-28-53243,2024-07-01,카드
381,2024-06-13,M368,2000,182,0,0,일시불계좌,0,메가엠지씨커피 죽전단대점,875-07-02075,2024-07-01,카드
382,2024-06-13,M368,35800,0,0,0,일시불계좌,0,쿠팡이츠-쿠팡 주식회사,105-87-65162,2024-07-01,카드
383,2024-06-13,M368,10900,0,0,0,일시불계좌,0,쿠팡이츠-쿠팡 주식회사,105-87-65162,2024-07-01,카드
384,2024-06-14,M368,4300,390,0,0,일시불계좌,0,조스트,414-04-99068,2024-07-01,카드
385,2024-06-14,M368,4400,399,0,0,일시불계좌,0,에이바우트커피용인죽전점,593-85-01186,2024-07-01,카드
386,2024-06-15,M368,13500,0,0,0,일시불계좌,0,쿠팡이츠-쿠팡 주식회사,105-87-65162,2024-07-01,카드
387,2024-06-15,M368,10900,0,0,0,일시불계좌,0,쿠팡이츠-쿠팡 주식회사,105-87-65162,2024-07-01,카드
388,2024-06-16,M368,29316,0,0,0,일시불계좌,0,무신사-(주)무신사,411-86-01799,2024-07-01,카드
389,2024-06-16,M368,12200,0,0,0,일시불계좌,0,쿠팡이츠-쿠팡 주식회사,105-87-65162,2024-07-01,카드
390,2024-06-17,M368,4150,0,0,0,일시불,0,교통-버스2건,214-81-37726,2024-07-01,카드
391,2024-06-17,M368,6400,581,0,0,일시불계좌,0,에이바우트커피용인죽전점,593-85-01186,2024-07-01,카드
392,2024-06-17,M368,11500,0,0,0,일시불계좌,0,쿠팡이츠-쿠팡 주식회사,105-87-65162,2024-07-01,카드
393,2024-06-18,M368,6400,581,0,0,일시불계좌,0,에이바우트커피용인죽전점,593-85-01186,2024-08-01,카드
394,2024-06-18,M368,8600,781,0,0,일시불계좌,0,싸움의고수 죽전점,852-16-01814,2024-08-01,카드
395,2024-06-19,M368,9900,0,0,0,일시불계좌,0,쿠팡이츠-쿠팡 주식회사,105-87-65162,2024-08-01,카드
396,2024-06-19,M368,11500,0,0,0,일시불계좌,0,쿠팡이츠-쿠팡 주식회사,105-87-65162,2024-08-01,카드
397,2024-06-20,M368,2000,182,0,0,일시불계좌,0,메가엠지씨커피 죽전단대점,875-07-02075,2024-08-01,카드
398,2024-06-20,M368,3400,309,0,0,일시불계좌,0,파리바게뜨 죽전현대점,723-76-00296,2024-08-01,카드
399,2024-06-21,M368,5500,500,0,0,일시불계좌,0,Netflix.com-Netflix,113-85-21083,2024-08-01,카드
400,2024-06-21,M368,10900,0,0,0,일시불계좌,0,쿠팡이츠-쿠팡 주식회사,105-87-65162,2024-08-01,카드
401,2024-06-22,M368,2000,182,0,0,일시불계좌,0,메가엠지씨커피 죽전단대점,875-07-02075,2024-08-01,카드
402,2024-06-22,M368,26500,0,0,0,일시불계좌,0,쿠팡이츠-쿠팡 주식회사,105-87-65162,2024-08-01,카드
403,2024-06-23,M368,22500,0,0,0,일시불계좌,0,무신사-(주)무신사,411-86-01799,2024-08-01,카드
404,2024-06-24,M368,8000,727,0,0,일시불계좌,0,죽전우미2차점,142-07-32125,2024-08-01,카드
405,2024-06-24,M368,1000,91,0,0,일시불계좌,0,메가엠지씨커피 죽전단대점,875-07-02075,2024-08-01,카드
406,2024-06-25,M368,8400,764,0,0,일시불계좌,0,버거킹수지구청역점/주식회사비케이알,101-86-76277,2024-08-01,카드
407,2024-06-25,M368,19000,1727,0,0,일시불계좌,0,마이클돈까스,519-12-00088,2024-08-01,카드
408,2024-06-26,M368,1000,91,0,0,일시불계좌,0,메가엠지씨커피 죽전단대점,875-07-02075,2024-08-01,카드
409,2024-06-26,M368,16000,1455,0,0,일시불계좌,0,손가네 칼국수,108-25-36557,2024-08-01,카드
410,2024-06-26,M368,2400,0,0,0,일시불계좌,0,씨유죽전현암점,871-45-00039,2024-08-01,카드
411,2024-06-27,M368,21300,0,0,0,일시불계좌,0,쿠팡이츠-쿠팡(쿠팡이,116-81-19948,2024-08-01,카드
412,2024-06-27,M368,1200,0,0,0,일시불계좌,0,한국정보통신/통신판매-CBJ10340,116-81-19948,2024-08-01,카드
413,2024-06-27,M368,3500,318,0,0,일시불계좌,0,이삭토스트단대점,142-04-78509,2024-08-01,카드
414,2024-06-27,M368,1500,136,0,0,일시불계좌,0,메가엠지씨커피 죽전단대점,875-07-02075,2024-08-01,카드
415,2024-06-28,M368,50,0,0,0,일시불계좌,0,한국정보통신/통신판매-굿러닝파트너,116-81-19948,2024-08-01,카드
416,2024-06-28,M368,50,0,0,0,일시불계좌,0,한국정보통신/통신판매-굿러닝파트너,116-81-19948,2024-08-01,카드
417,2024-06-28,M368,200,0,0,0,일시불계좌,0,한국정보통신/통신판매-굿러닝파트너,116-81-19948,2024-08-01,카드
418,2024-06-28,M368,100,0,0,0,일시불계좌,0,한국정보통신/통신판매-굿러닝파트너,116-81-19948,2024-08-01,카드
419,2024-06-28,M368,100,0,0,0,일시불계좌,0,한국정보통신/통신판매-굿러닝파트너,116-81-19948,2024-08-01,카드
420,2024-06-28,M368,2000,182,0,0,일시불계좌,0,메가엠지씨커피 죽전단대점,875-07-02075,2024-08-01,카드
421,2024-06-29,M368,49000,4454,0,0,일시불계좌,0,에이치디현대오일뱅크㈜직영 운정셀프주유,141-85-15567,2024-08-01,카드
422,2024-06-30,M368,3000,273,0,0,일시불계좌,0,메가엠지씨커피 죽전단대점,875-07-02075,2024-08-01,카드
423,2024-06-30,M368,19800,0,0,0,일시불계좌,0,쿠팡이츠-쿠팡 주식회사,105-87-65162,2024-08-01,카드
424,2024-07-01,M368,1500,136,0,0,일시불계좌,0,메가엠지씨커피 죽전단대점,875-07-02075,2024-08-01,카드
425,2024-07-01,M368,19200,0,0,0,일시불계좌,0,쿠팡이츠-쿠팡 주식회사,105-87-65162,2024-08-01,카드
426,2024-07-02,M368,23900,0,0,0,일시불계좌,0,서울화봄의원,211-28-22762,2024-08-01,카드
427,2024-07-02,M368,3700,0,0,0,일시불계좌,0,웰약국,613-48-00832,2024-08-01,카드
428,2024-07-02,M368,2000,182,0,0,일시불계좌,0,메가엠지씨커피 죽전단대점,875-07-02075,2024-08-01,카드
429,2024-07-03,M368,33000,3000,0,0,일시불계좌,0,그레이스 헤어(GRACE HAIR),655-03-00174,2024-08-01,카드
430,2024-07-03,M368,1500,136,0,0,일시불계좌,0,하나온누리약국,704-72-00360,2024-08-01,카드
431,2024-07-03,M368,2000,182,0,0,일시불계좌,0,메가엠지씨커피 죽전단대점,875-07-02075,2024-08-01,카드
432,2024-07-03,M368,23300,0,0,0,일시불계좌,0,쿠팡이츠-쿠팡 주식회사,105-87-65162,2024-08-01,카드
433,2024-07-04,M368,16500,0,0,0,일시불계좌,0,서울화봄의원,211-28-22762,2024-08-01,카드
434,2024-07-04,M368,22700,0,0,0,일시불계좌,0,쿠팡이츠-쿠팡 주식회사,105-87-65162,2024-08-01,카드
435,2024-07-04,M368,2400,0,0,0,일시불계좌,0,씨유죽전현암점,871-45-00039,2024-08-01,카드
436,2024-07-05,M368,2000,182,0,0,일시불계좌,0,메가엠지씨커피 죽전단대점,875-07-02075,2024-08-01,카드
437,2024-07-05,M368,3000,0,0,0,일시불계좌,0,우리민들레약국,142-08-52832,2024-08-01,카드
438,2024-07-05,M368,20300,0,0,0,일시불계좌,0,쿠팡이츠-쿠팡 주식회사,105-87-65162,2024-08-01,카드
439,2024-07-05,M368,3900,0,0,0,일시불계좌,0,씨유죽전현암점,871-45-00039,2024-08-01,카드
440,2024-07-07,M368,11500,0,0,0,일시불계좌,0,쿠팡이츠-쿠팡 주식회사,105-87-65162,2024-08-01,카드
441,2024-07-08,M368,3500,318,0,0,일시불계좌,0,메가엠지씨커피 죽전단대점,875-07-02075,2024-08-01,카드
442,2024-07-08,M368,21700,0,0,0,일시불계좌,0,쿠팡이츠-쿠팡 주식회사,105-87-65162,2024-08-01,카드
443,2024-07-09,M368,1500,0,0,0,일시불계좌,0,씨유죽전현암점,871-45-00039,2024-08-01,카드
444,2024-07-10,M368,3900,355,0,0,일시불계좌,0,이삭토스트단대점,142-04-78509,2024-08-01,카드
445,2024-07-10,M368,17500,0,0,0,일시불계좌,0,쿠팡이츠-쿠팡 주식회사,105-87-65162,2024-08-01,카드
446,2024-07-10,M368,2400,0,0,0,일시불계좌,0,씨유죽전현암점,871-45-00039,2024-08-01,카드
447,2024-07-11,M368,3500,318,0,0,일시불계좌,0,메가엠지씨커피 죽전단대점,875-07-02075,2024-08-01,카드
448,2024-07-12,M368,2000,182,0,0,일시불계좌,0,메가엠지씨커피 죽전단대점,875-07-02075,2024-08-01,카드
449,2024-07-13,M368,2000,182,0,0,일시불계좌,0,메가엠지씨커피 죽전단대점,875-07-02075,2024-08-01,카드
450,2024-07-13,M368,22600,0,0,0,일시불계좌,0,쿠팡이츠-쿠팡 주식회사,105-87-65162,2024-08-01,카드
451,2024-07-14,M368,2000,182,0,0,일시불계좌,0,메가엠지씨커피 죽전단대점,875-07-02075,2024-08-01,카드
452,2024-07-14,M368,20300,0,0,0,일시불계좌,0,쿠팡이츠-쿠팡 주식회사,105-87-65162,2024-08-01,카드
453,2024-07-15,M368,2300,0,0,0,일시불계좌,0,지에스25죽전단국대,222-16-14916,2024-08-01,카드
454,2024-07-15,M368,2000,182,0,0,일시불계좌,0,메가엠지씨커피 죽전단대점,875-07-02075,2024-08-01,카드
455,2024-07-15,M368,21000,0,0,0,일시불계좌,0,쿠팡이츠-쿠팡 주식회사,105-87-65162,2024-08-01,카드
456,2024-07-16,M368,14000,0,0,0,일시불계좌,0,쿠팡이츠-쿠팡 주식회사,105-87-65162,2024-08-01,카드
457,2024-07-16,M368,20600,0,0,0,일시불계좌,0,쿠팡이츠-쿠팡 주식회사,105-87-65162,2024-08-01,카드
458,2024-07-17,M368,16050,0,0,0,일시불,0,교통-버스10건,214-81-37726,2024-08-01,카드
459,2024-07-17,M368,6150,0,0,0,일시불,0,교통-지하철3건,214-81-37726,2024-08-01,카드
460,2024-07-18,M368,7500,682,0,0,일시불계좌,0,손가네 칼국수,108-25-36557,2024-09-01,카드
461,2024-07-18,M368,7000,636,0,0,일시불계좌,0,해피덮,308-27-00518,2024-09-01,카드
462,2024-07-19,M368,23500,2135,0,0,일시불계좌,0,러시아케익,556-31-00564,2024-09-01,카드
463,2024-07-19,M368,2500,0,0,0,일시불계좌,0,CGV동대문,104-81-45690,2024-09-01,카드
464,2024-07-21,M368,2900,0,0,0,일시불계좌,0,GS25야당하나점,449-07-00709,2024-09-01,카드
465,2024-07-21,M368,4100,373,0,0,일시불계좌,0,한솥도시락 죽전단국대점,365-05-02706,2024-09-01,카드
466,2024-07-21,M368,62000,5634,0,0,일시불계좌,0,청춘어부종합어시장(야당본점),887-49-00556,2024-09-01,카드
467,2024-07-21,M368,69000,6270,0,0,일시불계좌,0,대동집 파주야당점,659-02-03079,2024-09-01,카드
468,2024-07-21,M368,5500,500,0,0,일시불계좌,0,Netflix.com-Netflix,113-85-21083,2024-09-01,카드
469,2024-07-22,M368,5200,473,0,0,일시불계좌,0,달콤창고,166-05-01677,2024-09-01,카드
470,2024-07-24,M368,30000,2727,0,0,일시불계좌,0,에이치디현대오일뱅크㈜직영 운정셀프주유,141-85-15567,2024-09-01,카드
471,2024-07-25,M368,25500,0,0,0,일시불계좌,0,KCP_C-더하르나이,113-85-21083,2024-09-01,카드
472,2024-07-26,M368,6000,545,0,0,일시불계좌,0,구쯔,681-51-00664,2024-09-01,카드
473,2024-07-26,M368,79000,0,0,0,일시불계좌,0,모르므로,889-21-01708,2024-09-01,카드
474,2024-07-27,M368,8200,745,0,0,일시불계좌,0,뉴욕버거,347-63-00302,2024-09-01,카드
475,2024-07-28,M368,25000,0,0,0,일시불계좌,0,카카오 T 대리_카카오페이,527-88-00686,2024-09-01,카드
476,2024-07-29,M368,7000,0,0,0,일시불계좌,0,카카오T일반택시_0,104-81-83559,2024-09-01,카드
477,2024-07-29,M368,6500,0,0,0,일시불계좌,0,카카오T일반택시_0,104-81-83559,2024-09-01,카드
478,2024-08-03,M368,24200,0,0,0,일시불계좌,0,쿠팡이츠-쿠팡 주식회사,105-87-65162,2024-09-01,카드
479,2024-08-05,M368,6900,0,0,0,일시불계좌,0,카카오T일반택시_0,104-81-83559,2024-09-01,카드
480,2024-08-11,M368,13200,0,0,0,일시불계좌,0,쿠팡이츠-쿠팡 주식회사,105-87-65162,2024-09-01,카드
481,2024-08-13,M368,6400,0,0,0,일시불계좌,0,카카오T일반택시_0,104-81-83559,2024-09-01,카드
482,2024-08-13,M368,6200,0,0,0,일시불계좌,0,카카오T일반택시_5,104-81-83559,2024-09-01,카드
483,2024-08-17,M368,6750,0,0,0,일시불,0,교통-지하철3건,214-81-37726,2024-09-01,카드
484,2024-08-17,M368,8750,0,0,0,일시불,0,교통-버스8건,214-81-37726,2024-09-01,카드
485,2024-08-19,M368,15000,1364,0,0,일시불계좌,0,우아한형제들,120-87-65763,2024-10-01,카드
486,2024-08-20,M368,18138,0,0,0,일시불계좌,0,KCP_C-더하르나이,113-85-21083,2024-10-01,카드
487,2024-08-21,M368,5500,500,0,0,일시불계좌,0,Netflix.com-Netflix,113-85-21083,2024-10-01,카드
488,2024-08-23,M368,6900,0,0,0,일시불계좌,0,카카오T일반택시_0,104-81-83559,2024-10-01,카드
489,2024-08-23,M368,18000,0,0,0,일시불계좌,0,카카오T일반택시_0,104-81-83559,2024-10-01,카드
490,2024-08-23,M368,17400,0,0,0,일시불계좌,0,카카오T일반택시_0,104-81-83559,2024-10-01,카드
491,2024-08-23,M368,2000,0,0,0,일시불계좌,0,카카오T일반택시(법인)_4,104-81-83559,2024-10-01,카드
492,2024-08-23,M368,49000,4454,0,0,일시불계좌,0,피디헤어서브몰,312-14-97986,2024-10-01,카드
493,2024-08-23,M368,52800,4799,0,0,일시불계좌,0,주자카야,877-45-00982,2024-10-01,카드
494,2024-08-24,M368,24000,0,0,0,일시불계좌,0,쿠팡이츠-쿠팡 주식회사,105-87-65162,2024-10-01,카드
495,2024-08-27,M368,19800,1800,0,0,일시불계좌,0,우아한형제들,120-87-65763,2024-10-01,카드
496,2024-08-29,M368,6700,0,0,0,일시불계좌,0,카카오T일반택시(법인)_4,104-81-83559,2024-10-01,카드
497,2024-08-30,M368,18600,0,0,0,일시불계좌,0,카카오T일반택시_0,104-81-83559,2024-10-01,카드
498,2024-08-30,M368,18000,1636,0,0,일시불계좌,0,고로,128-35-19624,2024-10-01,카드
499,2024-08-31,M368,19800,0,0,0,일시불계좌,0,(주)우아한형제들-주식회사 우아한형제들,411-86-01799,2024-10-01,카드
500,2024-09-02,M368,12500,1136,0,0,일시불계좌,0,우아한형제들,120-87-65763,2024-10-01,카드
501,2024-09-03,M368,10800,982,0,0,일시불계좌,0,우아한형제들,120-87-65763,2024-10-01,카드
502,2024-09-04,M368,11000,0,0,0,일시불계좌,0,죽전튼튼정형외과의원,546-92-00928,2024-10-01,카드
503,2024-09-04,M368,2900,263,0,0,일시불계좌,0,하나온누리약국,704-72-00360,2024-10-01,카드
504,2024-09-04,M368,6000,545,0,0,일시불계좌,0,죽전우동,663-04-03219,2024-10-01,카드
505,2024-09-04,M368,5600,0,0,0,일시불계좌,0,씨유죽전현암점,871-45-00039,2024-10-01,카드
506,2024-09-05,M368,7000,636,0,0,일시불계좌,0,해피덮,308-27-00518,2024-10-01,카드
507,2024-09-05,M368,59000,5364,0,0,일시불계좌,0,한가네대박고깃집,339-01-03431,2024-10-01,카드
508,2024-09-07,M368,10500,955,0,0,일시불계좌,0,우아한형제들,120-87-65763,2024-10-01,카드
509,2024-09-07,M368,11100,0,0,0,일시불계좌,0,쿠팡이츠-쿠팡 주식회사,105-87-65162,2024-10-01,카드
510,2024-09-08,M368,14500,1318,0,0,일시불계좌,0,우아한형제들,120-87-65763,2024-10-01,카드
511,2024-09-08,M368,12500,0,0,0,일시불계좌,0,쿠팡이츠-쿠팡 주식회사,105-87-65162,2024-10-01,카드
512,2024-09-09,M368,17000,1545,0,0,일시불계좌,0,우아한형제들,120-87-65763,2024-10-01,카드
513,2024-09-09,M368,1500,0,0,0,일시불계좌,0,씨유죽전현암점,871-45-00039,2024-10-01,카드
514,2024-09-10,M368,5700,0,0,0,일시불계좌,0,씨유죽전현암점,871-45-00039,2024-10-01,카드
515,2024-09-11,M368,9500,0,0,0,일시불계좌,0,죽전튼튼정형외과의원,546-92-00928,2024-10-01,카드
516,2024-09-11,M368,13500,1226,0,0,일시불계좌,0,죽전우동,663-04-03219,2024-10-01,카드
517,2024-09-11,M368,2300,0,0,0,일시불계좌,0,씨유죽전현암점,871-45-00039,2024-10-01,카드
518,2024-09-13,M368,18000,1636,0,0,일시불계좌,0,우아한형제들,120-87-65763,2024-10-01,카드
519,2024-09-15,M368,11700,0,0,0,일시불계좌,0,카카오T일반택시_0,104-81-83559,2024-10-01,카드
520,2024-09-16,M368,11500,0,0,0,일시불계좌,0,쿠팡이츠-쿠팡 주식회사,105-87-65162,2024-10-01,카드
521,2024-09-17,M368,6500,0,0,0,일시불,0,교통-버스4건,214-81-37726,2024-10-01,카드
522,2024-09-18,M368,13700,0,0,0,일시불계좌,0,(주)우아한형제들-주식회사 우아한형제들,411-86-01799,2024-11-01,카드
523,2024-09-18,M368,13600,0,0,0,일시불계좌,0,카카오T일반택시_0,104-81-83559,2024-11-01,카드
524,2024-09-19,M368,1600,0,0,0,일시불계좌,0,씨유죽전현암점,871-45-00039,2024-11-01,카드
525,2024-09-20,M368,2000,182,0,0,일시불계좌,0,메가엠지씨커피 죽전단대점,875-07-02075,2024-11-01,카드
526,2024-09-20,M368,11500,1045,0,0,일시불계좌,0,고씨네카레,403-39-82685,2024-11-01,카드
527,2024-09-20,M368,8000,727,0,0,일시불계좌,0,손가네 칼국수,108-25-36557,2024-11-01,카드
528,2024-09-20,M368,3100,282,0,0,일시불계좌,0,파리바게뜨 죽전단국대점,142-07-93044,2024-11-01,카드
529,2024-09-20,M368,990,0,0,0,일시불계좌,0,제이할인마트,673-07-02090,2024-11-01,카드
530,2024-09-21,M368,51300,0,0,0,일시불계좌,0,신세계 사우스시티-토끼정(경기점7F),201-81-32195,2024-11-01,카드
531,2024-09-21,M368,6800,0,0,0,일시불계좌,0,신세계 사우스시티-앤티크커피(경기9F)원,201-81-32195,2024-11-01,카드
532,2024-09-21,M368,5500,500,0,0,일시불계좌,0,Netflix.com-Netflix,113-85-21083,2024-11-01,카드
533,2024-09-21,M368,2100,0,0,0,일시불계좌,0,씨유죽전현암점,871-45-00039,2024-11-01,카드
534,2024-09-22,M368,12000,1091,0,0,일시불계좌,0,우아한형제들,120-87-65763,2024-11-01,카드
535,2024-09-23,M368,40920,0,0,0,일시불계좌,0,지에스 더 프레시(GS THE FRESH) 죽전현암,620-25-01596,2024-11-01,카드
536,2024-09-23,M368,6500,590,0,0,일시불계좌,0,조스트,414-04-99068,2024-11-01,카드
537,2024-09-23,M368,22000,2000,0,0,일시불계좌,0,대학약국,135-28-53243,2024-11-01,카드
538,2024-09-23,M368,6900,627,0,0,일시불계좌,0,맘스터치 죽전새터마을점,593-17-01848,2024-11-01,카드
539,2024-09-24,M368,10800,982,0,0,일시불계좌,0,우아한형제들,120-87-65763,2024-11-01,카드
540,2024-09-25,M368,7200,0,0,0,일시불계좌,0,죽전튼튼정형외과의원,546-92-00928,2024-11-01,카드
541,2024-09-25,M368,40000,0,0,0,일시불계좌,0,위편한내과,135-91-34385,2024-11-01,카드
542,2024-09-25,M368,3000,273,0,0,일시불계좌,0,컴포즈커피 용인새터마을점,110-66-00680,2024-11-01,카드
543,2024-09-25,M368,33000,3000,0,0,일시불계좌,0,그레이스 헤어(GRACE HAIR),655-03-00174,2024-11-01,카드
544,2024-09-25,M368,7800,709,0,0,일시불계좌,0,배스킨라빈스,138-03-62224,2024-11-01,카드
545,2024-09-25,M368,1200,0,0,0,일시불계좌,0,씨유죽전현암점,871-45-00039,2024-11-01,카드
546,2024-09-26,M368,3500,318,0,0,일시불계좌,0,메가엠지씨커피 죽전단대점,875-07-02075,2024-11-01,카드
547,2024-09-26,M368,11500,1045,0,0,일시불계좌,0,고씨네카레,403-39-82685,2024-11-01,카드
548,2024-09-27,M368,5000,454,0,0,일시불계좌,0,하나온누리약국,704-72-00360,2024-11-01,카드
549,2024-09-28,M368,11800,1073,0,0,일시불계좌,0,우아한형제들,120-87-65763,2024-11-01,카드
550,2024-09-28,M368,12000,1091,0,0,일시불계좌,0,우아한형제들,120-87-65763,2024-11-01,카드
551,2024-09-29,M368,6000,545,0,0,일시불계좌,0,죽전우동,663-04-03219,2024-11-01,카드
552,2024-09-30,M368,8500,772,0,0,일시불계좌,0,롯데리아용인죽전1동점,838-07-00520,2024-11-01,카드
553,2024-09-30,M368,13900,1263,0,0,일시불계좌,0,제이할인마트,673-07-02090,2024-11-01,카드
554,2024-09-30,M368,6000,545,0,0,일시불계좌,0,카페168,788-01-01498,2024-11-01,카드
555,2024-09-30,M368,12500,0,0,0,일시불계좌,0,쿠팡이츠-쿠팡 주식회사,105-87-65162,2024-11-01,카드
556,2024-10-01,M368,6500,590,0,0,일시불계좌,0,조스트,414-04-99068,2024-11-01,카드
557,2024-10-01,M368,4400,399,0,0,일시불계좌,0,에이바우트커피용인죽전점,593-85-01186,2024-11-01,카드
558,2024-10-01,M368,4900,445,0,0,일시불계좌,0,에이바우트커피용인죽전점,593-85-01186,2024-11-01,카드
559,2024-10-02,M368,5200,472,0,0,일시불계좌,0,롯데리아용인죽전1동점,838-07-00520,2024-11-01,카드
560,2024-10-02,M368,4600,0,0,0,일시불계좌,0,(주)남영판지,323-81-00329,2024-11-01,카드
561,2024-10-03,M368,38000,3454,0,0,일시불계좌,0,3대 삼계장인,811-05-00991,2024-11-01,카드
562,2024-10-03,M368,7800,710,0,0,일시불계좌,0,헬로펌킨베이커리,713-34-01167,2024-11-01,카드
563,2024-10-03,M368,6500,591,0,0,일시불계좌,0,카페봄봄,528-13-02127,2024-11-01,카드
564,2024-10-04,M368,3600,0,0,0,일시불계좌,0,지에스25 파주유은점((GS25),413-43-00504,2024-11-01,카드
565,2024-10-04,M368,41000,3727,0,0,일시불계좌,0,에이치디현대오일뱅크㈜직영 운정셀프주유,141-85-15567,2024-11-01,카드
566,2024-10-04,M368,6500,591,0,0,일시불계좌,0,카페봄봄,528-13-02127,2024-11-01,카드
567,2024-10-04,M368,75700,6882,0,0,일시불계좌,0,용용선생 파주야당점,748-86-02424,2024-11-01,카드
568,2024-10-04,M368,89000,8091,0,0,일시불계좌,0,철길부산집 파주야당점,294-12-02116,2024-11-01,카드
569,2024-10-05,M368,3900,354,0,0,일시불계좌,0,더스페셜티(The specialty),560-13-01156,2024-11-01,카드
570,2024-10-05,M368,2500,227,0,0,일시불계좌,0,제이할인마트,673-07-02090,2024-11-01,카드
571,2024-10-05,M368,2700,0,0,0,일시불계좌,0,씨유죽전현암점,871-45-00039,2024-11-01,카드
572,2024-10-06,M368,12000,1090,0,0,일시불계좌,0,죽전우동,663-04-03219,2024-11-01,카드
573,2024-10-06,M368,18200,1656,0,0,일시불계좌,0,디저트 양,162-08-02471,2024-11-01,카드
574,2024-10-06,M368,3200,0,0,0,일시불계좌,0,세븐일레븐 용인수지죽전점,306-85-18346,2024-11-01,카드
575,2024-10-06,M368,1500,0,0,0,일시불계좌,0,씨유죽전현암점,871-45-00039,2024-11-01,카드
576,2024-10-07,M368,38000,0,0,0,일시불계좌,0,우정사업본부(우체국),101-83-02925,2024-11-01,카드
577,2024-10-08,M368,31500,0,0,0,일시불계좌,0,야놀자_PAYCO-야놀자 국내숙소레저,113-85-21083,2024-11-01,카드
578,2024-10-09,M368,7500,681,0,0,일시불계좌,0,크리에잇쿠키/(주)크리에잇하우스,664-88-00476,2024-11-01,카드
579,2024-10-09,M368,4000,0,0,0,일시불계좌,0,포토이즘박스 강남2호점,118-18-01514,2024-11-01,카드
580,2024-10-11,M368,7000,636,0,0,일시불계좌,0,운정뜰약국,141-04-60253,2024-11-01,카드
581,2024-10-11,M368,169000,0,0,0,일시불계좌,0,인터넷결제_KPN-유한회사　나,119-81-84716,2024-11-01,카드
582,2024-10-12,M368,37000,0,0,0,일시불계좌,0,미소세탁,141-04-85797,2024-11-01,카드
583,2024-10-12,M368,64000,5819,0,0,일시불계좌,0,족발야시장 야당점,408-52-00260,2024-11-01,카드
584,2024-10-13,M368,12980,0,0,0,일시불계좌,0,노브랜드파주동패점,206-86-50913,2024-11-01,카드
585,2024-10-14,M368,9500,864,0,0,일시불계좌,0,무공돈까스 노량진점,292-30-00756,2024-11-01,카드
586,2024-10-14,M368,38400,0,0,0,일시불계좌,0,KCP결제-리애드코퍼레이션 주식회사,113-85-21083,2024-11-01,카드
587,2024-10-15,M368,8500,772,0,0,일시불계좌,0,롯데리아 노량진,106-81-23498,2024-11-01,카드
588,2024-10-16,M368,8500,772,0,0,일시불계좌,0,롯데리아 노량진,106-81-23498,2024-11-01,카드
589,2024-10-17,M368,16200,0,0,0,일시불,0,교통-지하철13건,214-81-37726,2024-11-01,카드
590,2024-10-17,M368,23050,0,0,0,일시불,0,교통-버스14건,214-81-37726,2024-11-01,카드
591,2024-10-17,M368,700,64,0,0,일시불계좌,0,이마트24 노량진중앙점,647-54-01024,2024-11-01,카드
592,2024-10-17,M368,9500,864,0,0,일시불계좌,0,무공돈까스 노량진점,292-30-00756,2024-11-01,카드
593,2024-10-18,M368,9000,818,0,0,일시불계좌,0,두루찌개3대,108-18-71954,2024-12-01,카드
594,2024-10-18,M368,3000,273,0,0,일시불계좌,0,컴포즈 노량진2동점,284-19-01574,2024-12-01,카드
595,2024-10-19,M368,88700,8064,0,0,일시불계좌,0,일일수작 파주산내마을점,888-12-02717,2024-12-01,카드
596,2024-10-19,M368,59876,0,0,0,일시불계좌,0,토스페이_무신사-주식회사 비바리퍼블리카,411-86-01799,2024-12-01,카드
597,2024-10-20,M368,7400,0,0,0,일시불계좌,0,티머니택시(개인),104-81-83559,2024-12-01,카드
598,2024-10-20,M368,71600,6509,0,0,일시불계좌,0,역전 할머니 맥주 파주산내마을점,262-34-01223,2024-12-01,카드
599,2024-10-21,M368,9500,0,0,0,일시불계좌,0,이쉐프,108-21-03005,2024-12-01,카드
600,2024-10-21,M368,5500,0,0,0,일시불계좌,0,Netflix_INICIS-넷플릭,220-81-55597,2024-12-01,카드
601,2024-10-22,M368,9500,864,0,0,일시불계좌,0,무공돈까스 노량진점,292-30-00756,2024-12-01,카드
602,2024-10-22,M368,37248,0,0,0,일시불계좌,0,KCP결제-리애드코퍼레이션 주식회사,113-85-21083,2024-12-01,카드
603,2024-10-23,M368,8400,0,0,0,일시불계좌,0,본포,543-06-00737,2024-12-01,카드
604,2024-10-24,M368,10000,909,0,0,일시불계좌,0,두꺼비부대찌개,108-10-99728,2024-12-01,카드
605,2024-10-25,M368,600,55,0,0,일시불계좌,0,이마트24 노량진중앙점,647-54-01024,2024-12-01,카드
606,2024-10-25,M368,8500,773,0,0,일시불계좌,0,장승배기로164,553-23-01405,2024-12-01,카드
607,2024-10-26,M368,61000,5544,0,0,일시불계좌,0,포근,866-29-01211,2024-12-01,카드
608,2024-10-27,M368,12000,0,0,0,일시불계좌,0,우아한형제들_알뜰배달-주식회사 우아한형,411-86-01799,2024-12-01,카드
609,2024-10-28,M368,700,0,0,0,일시불계좌,0,씨유(CU) 노량진청탑점,247-06-02860,2024-12-01,카드
610,2024-10-28,M368,7500,682,0,0,일시불계좌,0,배할머니네,110-10-22071,2024-12-01,카드
611,2024-10-28,M368,4400,400,0,0,일시불계좌,0,한솥,306-10-94496,2024-12-01,카드
612,2024-10-29,M368,600,55,0,0,일시불계좌,0,이마트24 노량진중앙점,647-54-01024,2024-12-01,카드
613,2024-10-29,M368,11900,1082,0,0,일시불계좌,0,카츠진노량진점,614-17-02275,2024-12-01,카드
614,2024-10-30,M368,7000,636,0,0,일시불계좌,0,엄마의손맛,201-03-67847,2024-12-01,카드
615,2024-10-30,M368,5100,464,0,0,일시불계좌,0,한솥,306-10-94496,2024-12-01,카드
616,2024-10-31,M368,9000,818,0,0,일시불계좌,0,153구포국수 노량진역점,892-02-03225,2024-12-01,카드
617,2024-10-31,M368,5300,482,0,0,일시불계좌,0,빽다방 노량진2동점,532-12-02551,2024-12-01,카드
618,2024-10-31,M368,37000,3364,0,0,일시불계좌,0,해물포차 꼴통,433-17-00697,2024-12-01,카드
619,2024-11-01,M368,1000,91,0,0,일시불계좌,0,이마트24 노량진중앙점,647-54-01024,2024-12-01,카드
620,2024-11-01,M368,13000,1180,0,0,일시불계좌,0,명인설렁탕 노량진점,783-35-01218,2024-12-01,카드
621,2024-11-02,M368,8500,773,0,0,일시불계좌,0,커피테르미니,326-44-00250,2024-12-01,카드
622,2024-11-02,M368,61000,5545,0,0,일시불계좌,0,최가네 정육식당,222-10-12027,2024-12-01,카드
623,2024-11-02,M368,15900,0,0,0,일시불계좌,0,에이치디씨아이파크몰 주식회사,120-81-85957,2024-12-01,카드
624,2024-11-02,M368,200,0,0,0,일시불계좌,0,에이치디씨아이파크몰 주식회사,120-81-85957,2024-12-01,카드
625,2024-11-03,M368,7000,0,0,0,일시불계좌,0,우아한형제들_포장주문-주식회사 우아한형,411-86-01799,2024-12-01,카드
626,2024-11-03,M368,11700,0,0,0,일시불계좌,0,쿠팡이츠-쿠팡 주식회사,105-87-65162,2024-12-01,카드
627,2024-11-04,M368,9000,818,0,0,일시불계좌,0,명백집 노량진점,882-10-02466,2024-12-01,카드
628,2024-11-04,M368,1900,173,0,0,일시불계좌,0,동작카페,787-03-02182,2024-12-01,카드
629,2024-11-05,M368,2000,182,0,0,일시불계좌,0,이마트24 노량진중앙점,647-54-01024,2024-12-01,카드
630,2024-11-05,M368,8000,727,0,0,일시불계좌,0,토속골,740-45-00114,2024-12-01,카드
631,2024-11-05,M368,1900,173,0,0,일시불계좌,0,동작카페,787-03-02182,2024-12-01,카드
632,2024-11-06,M368,9500,863,0,0,일시불계좌,0,뚝스토리,690-01-00402,2024-12-01,카드
633,2024-11-08,M368,11000,1000,0,0,일시불계좌,0,궁중국시,744-16-00829,2024-12-01,카드
634,2024-11-08,M368,1900,173,0,0,일시불계좌,0,동작카페,787-03-02182,2024-12-01,카드
635,2024-11-10,M368,21600,1964,0,0,일시불계좌,0,스윗소사이어티,258-54-00446,2024-12-01,카드
636,2024-11-10,M368,6000,545,0,0,일시불계좌,0,김용현베이커리,828-62-00328,2024-12-01,카드
637,2024-11-12,M368,9000,0,0,0,일시불계좌,0,불백쌈밥,456-43-00817,2024-12-01,카드
638,2024-11-12,M368,1900,173,0,0,일시불계좌,0,동작카페,787-03-02182,2024-12-01,카드
639,2024-11-13,M368,9000,818,0,0,일시불계좌,0,팔육,351-27-00230,2024-12-01,카드
640,2024-11-14,M368,10000,909,0,0,일시불계좌,0,로지노돈부리,595-08-01293,2024-12-01,카드
641,2024-11-15,M368,1000,0,0,0,일시불계좌,0,금촌역 2번출구주차장,174-20-00987,2024-12-01,카드
642,2024-11-15,M368,20000,0,0,0,일시불계좌,0,라임피부비뇨기과,141-04-97293,2024-12-01,카드
643,2024-11-15,M368,77400,0,0,0,일시불계좌,0,메디칼약국,809-69-00122,2024-12-01,카드
644,2024-11-15,M368,1000,0,0,0,일시불계좌,0,클라우드스트리트 (Cloud Street),578-26-00274,2024-12-01,카드
645,2024-11-16,M368,51200,0,0,0,일시불계좌,0,카카오T일반택시_0,104-81-83559,2024-12-01,카드
646,2024-11-17,M368,2550,0,0,0,일시불,0,교통-지하철2건,214-81-37726,2024-12-01,카드
647,2024-11-17,M368,1350,0,0,0,일시불,0,교통-버스1건,214-81-37726,2024-12-01,카드
648,2024-11-17,M911,55750,0,0,0,일시불,0,교통-지하철48건,214-81-37726,2024-12-01,카드
649,2024-11-17,M911,34300,0,0,0,일시불,0,교통-버스27건,214-81-37726,2024-12-01,카드
650,2024-11-18,M368,8000,727,0,0,일시불계좌,0,"신안생선모듬찜,해물찜",108-20-14465,2025-01-01,카드
651,2024-11-18,M368,1900,173,0,0,일시불계좌,0,동작카페,787-03-02182,2025-01-01,카드
652,2024-11-19,M368,7900,718,0,0,일시불계좌,0,삼삼가마솥돈까스,649-23-00779,2025-01-01,카드
653,2024-11-20,M368,10000,908,0,0,일시불계좌,0,뚝스토리,690-01-00402,2025-01-01,카드
654,2024-11-20,M368,1900,173,0,0,일시불계좌,0,동작카페,787-03-02182,2025-01-01,카드
655,2024-11-21,M368,9800,891,0,0,일시불계좌,0,산목,612-19-52185,2025-01-01,카드
656,2024-11-21,M368,5500,500,0,0,일시불계좌,0,Netflix.com-Netflix,113-85-21083,2025-01-01,카드
657,2024-11-22,M368,800,0,0,0,일시불계좌,0,금촌역 2번출구주차장,174-20-00987,2025-01-01,카드
658,2024-11-22,M368,4500,409,0,0,일시불계좌,0,동작카페,787-03-02182,2025-01-01,카드
659,2024-11-23,M368,26300,2391,0,0,일시불계좌,0,오이지,205-30-51815,2025-01-01,카드
660,2024-11-23,M368,6000,0,0,0,일시불계좌,0,씨제이씨지브이(주)홍대,104-81-45690,2025-01-01,카드
661,2024-11-24,M368,14800,0,0,0,일시불계좌,0,쿠팡이츠-쿠팡 주식회사,105-87-65162,2025-01-01,카드
662,2024-11-25,M368,11000,999,0,0,일시불계좌,0,"신안생선모듬찜,해물찜",108-20-14465,2025-01-01,카드
663,2024-11-25,M368,1500,136,0,0,일시불계좌,0,컴포즈 노량진2동점,284-19-01574,2025-01-01,카드
664,2024-11-26,M368,12000,1091,0,0,일시불계좌,0,두루찌개3대,108-18-71954,2025-01-01,카드
665,2024-11-26,M368,1900,173,0,0,일시불계좌,0,동작카페,787-03-02182,2025-01-01,카드
666,2024-11-27,M368,11000,1000,0,0,일시불계좌,0,두꺼비부대찌개,108-10-99728,2025-01-01,카드
667,2024-11-27,M368,1900,173,0,0,일시불계좌,0,동작카페,787-03-02182,2025-01-01,카드
668,2024-11-28,M368,8500,772,0,0,일시불계좌,0,롯데리아 노량진,106-81-23498,2025-01-01,카드
669,2024-11-28,M368,1900,173,0,0,일시불계좌,0,동작카페,787-03-02182,2025-01-01,카드
670,2024-11-29,M368,6200,0,0,0,일시불계좌,0,카카오T일반택시_0,104-81-83559,2025-01-01,카드
671,2024-11-29,M368,10000,0,0,0,일시불계좌,0,섬마을,130-01-45227,2025-01-01,카드
672,2024-11-29,M368,1900,173,0,0,일시불계좌,0,동작카페,787-03-02182,2025-01-01,카드
673,2024-12-02,M368,8000,727,0,0,일시불계좌,0,"신안생선모듬찜,해물찜",108-20-14465,2025-01-01,카드
674,2024-12-02,M368,1900,173,0,0,일시불계좌,0,동작카페,787-03-02182,2025-01-01,카드
675,2024-12-03,M368,7900,718,0,0,일시불계좌,0,산목,612-19-52185,2025-01-01,카드
676,2024-12-03,M368,1800,164,0,0,일시불계좌,0,블랙컵(BLACKCUP),257-48-00646,2025-01-01,카드
677,2024-12-04,M368,11000,1000,0,0,일시불계좌,0,소복식당,775-54-00733,2025-01-01,카드
678,2024-12-04,M368,1900,173,0,0,일시불계좌,0,동작카페,787-03-02182,2025-01-01,카드
679,2024-12-05,M368,9500,864,0,0,일시불계좌,0,무공돈까스 노량진점,292-30-00756,2025-01-01,카드
680,2024-12-05,M368,1900,173,0,0,일시불계좌,0,동작카페,787-03-02182,2025-01-01,카드
681,2024-12-06,M368,9000,0,0,0,일시불계좌,0,이쉐프,108-21-03005,2025-01-01,카드
682,2024-12-06,M368,5800,528,0,0,일시불계좌,0,동작카페,787-03-02182,2025-01-01,카드
683,2024-12-06,M368,9600,872,0,0,일시불계좌,0,코레일유통주식회사(용산역),107-86-57147,2025-01-01,카드
684,2024-12-07,M368,1500,136,0,0,일시불계좌,0,메가엠지씨커피 운정가람마을점,296-23-00672,2025-01-01,카드
685,2024-12-07,M368,39000,3545,0,0,일시불계좌,0,에이치디현대오일뱅크㈜직영 운정셀프주유,141-85-15567,2025-01-01,카드
686,2024-12-07,M368,55800,0,0,0,일시불계좌,0,뉴코아 아울렛 일산점-00,128-85-18751,2025-01-01,카드
687,2024-12-09,M368,11000,1000,0,0,일시불계좌,0,궁중국시,744-16-00829,2025-01-01,카드
688,2024-12-09,M368,10000,909,0,0,일시불계좌,0,운정셀프세차장,519-11-00723,2025-01-01,카드
689,2024-12-10,M368,7000,635,0,0,일시불계좌,0,양푼집,293-50-00761,2025-01-01,카드
690,2024-12-11,M368,10500,955,0,0,일시불계좌,0,미태리 노량진학원가점,225-09-63719,2025-01-01,카드
691,2024-12-11,M368,1900,173,0,0,일시불계좌,0,동작카페,787-03-02182,2025-01-01,카드
692,2024-12-12,M368,6900,0,0,0,일시불계좌,0,본포,543-06-00737,2025-01-01,카드
693,2024-12-12,M368,1900,173,0,0,일시불계좌,0,동작카페,787-03-02182,2025-01-01,카드
694,2024-12-12,M368,3500,318,0,0,일시불계좌,0,세븐일레븐 신용산점,107-85-56476,2025-01-01,카드
695,2024-12-12,M368,3500,318,0,0,일시불계좌,0,세븐일레븐 신용산점,107-85-56476,2025-01-01,카드
696,2024-12-13,M368,44800,0,0,0,일시불계좌,0,카카오T일반택시(법인)_4,104-81-83559,2025-01-01,카드
697,2024-12-13,M368,3000,0,0,0,일시불계좌,0,카카오T일반택시(법인)_4,104-81-83559,2025-01-01,카드
698,2024-12-16,M368,7900,719,0,0,일시불계좌,0,우리다 노량진점,352-07-02683,2025-01-01,카드
699,2024-12-16,M368,1900,173,0,0,일시불계좌,0,동작카페,787-03-02182,2025-01-01,카드
700,2024-12-16,M368,7500,681,0,0,일시불계좌,0,롯데리아 용산역사점,106-81-23498,2025-01-01,카드
701,2024-12-17,M368,2900,0,0,0,일시불,0,교통-버스2건,214-81-37726,2025-01-01,카드
702,2024-12-17,M911,28750,0,0,0,일시불,0,교통-버스24건,214-81-37726,2025-01-01,카드
703,2024-12-17,M911,58600,0,0,0,일시불,0,교통-지하철50건,214-81-37726,2025-01-01,카드
704,2024-12-17,M368,12000,1090,0,0,일시불계좌,0,두꺼비부대찌개,108-10-99728,2025-01-01,카드
705,2024-12-17,M368,1900,173,0,0,일시불계좌,0,동작카페,787-03-02182,2025-01-01,카드
706,2024-12-18,M368,9500,863,0,0,일시불계좌,0,Saigon Lee(사이공리),136-23-72724,2025-02-01,카드
707,2024-12-18,M368,1900,173,0,0,일시불계좌,0,동작카페,787-03-02182,2025-02-01,카드
708,2024-12-19,M368,9000,0,0,0,일시불계좌,0,이든돈카츠,440-01-00675,2025-02-01,카드
709,2024-12-20,M368,7000,635,0,0,일시불계좌,0,양푼집,293-50-00761,2025-02-01,카드
710,2024-12-21,M368,15000,0,0,0,일시불계좌,0,홍콩반점,290-65-00617,2025-02-01,카드
711,2024-12-21,M368,5500,500,0,0,일시불계좌,0,Netflix.com-Netflix,113-85-21083,2025-02-01,카드
712,2024-12-22,M368,42700,3883,0,0,일시불계좌,0,한라포차,251-02-03138,2025-02-01,카드
713,2024-12-22,M368,125000,11364,0,0,일시불계좌,0,야키토리 잔잔 파주야당점,867-13-02231,2025-02-01,카드
714,2024-12-23,M368,9900,900,0,0,일시불계좌,0,스시준,189-07-02260,2025-02-01,카드
715,2024-12-23,M368,9600,872,0,0,일시불계좌,0,롯데리아 노량진,106-81-23498,2025-02-01,카드
716,2024-12-24,M368,86950,4675,0,0,일시불계좌,0,이마트 에브리데이 서초센트럴점,206-86-50913,2025-02-01,카드
717,2024-12-24,M368,3800,345,0,0,일시불계좌,0,죠샌드위치&마우이포케 서초점,585-36-01299,2025-02-01,카드
718,2024-12-24,M368,3600,327,0,0,일시불계좌,0,세븐일레븐 서초이오빌점,214-06-75174,2025-02-01,카드
719,2024-12-24,M368,400,0,0,0,일시불계좌,0,세븐일레븐 서초이오빌점,214-06-75174,2025-02-01,카드
720,2024-12-25,M368,29100,2644,0,0,일시불계좌,0,베이커리로컬강남역점,660-34-01107,2025-02-01,카드
721,2024-12-26,M368,7900,718,0,0,일시불계좌,0,버거킹 파주운정점,101-86-76277,2025-02-01,카드
722,2024-12-26,M368,6200,0,0,0,일시불계좌,0,김형진내과의원,141-90-40959,2025-02-01,카드
723,2024-12-26,M368,3200,0,0,0,일시불계좌,0,메디칼약국,809-69-00122,2025-02-01,카드
724,2024-12-27,M368,9500,864,0,0,일시불계좌,0,무공돈까스 노량진점,292-30-00756,2025-02-01,카드
725,2024-12-28,M368,7500,682,0,0,일시불계좌,0,쿠팡이츠-쿠팡이츠,113-85-21083,2025-02-01,카드
726,2024-12-30,M368,5200,0,0,0,일시불계좌,0,굿모닝힐의원,141-05-77066,2025-02-01,카드
727,2024-12-30,M368,4100,0,0,0,일시불계좌,0,아름약국,392-04-00061,2025-02-01,카드
728,2024-12-30,M368,5700,0,0,0,일시불계좌,0,스타벅스 코리아,201-81-21515,2025-02-01,카드
