매출일자,이용카드,매출금액,부가세,봉사료,자원순환노매출종류,할부개월,가맹점명,사업자번호,청구일자,결제수단,카테고리
2024-04-11,M265,36954,0,0,0 일시불,0,파리바게뜨,666-81-97747,2024-05-06,카드,전통시장
2024-06-29,M265,40685,0,0,0 일시불,0,쿠팡,109-19-39163,2024-07-04,카드,도서/신문
2024-03-05,M265,8887,0,0,0 일시불,0,현금영수증_병원,685-57-49949,2024-04-08,카드,전통시장
2024-02-08,M265,15084,0,0,0 일시불,0,맥도날드,217-38-77042,2024-03-08,카드,음식점
2024-07-19,M265,19298,0,0,0 일시불,0,지하철,182-89-66806,2024-08-04,카드,카페
2024-06-15,M265,32461,0,0,0 일시불,0,파리바게뜨,274-67-31385,2024-07-01,카드,주유
2024-12-06,M265,38125,0,0,0 일시불,0,카카오택시,312-44-99123,2025-01-01,카드,공연/영화
2024-01-11,M265,32924,0,0,0 일시불,0,현금영수증_병원,661-17-21346,2024-02-06,카드,공연/영화
2024-09-30,M265,10878,0,0,0 일시불,0,파리바게뜨,427-87-89152,2024-10-10,카드,도서/신문
2024-05-19,M265,47077,0,0,0 일시불,0,스타벅스,299-20-69515,2024-06-01,카드,온라인쇼핑
2024-02-26,M265,3306,0,0,0 일시불,0,이마트,449-96-93950,2024-03-09,카드,대중교통
2024-03-29,M265,45516,0,0,0 일시불,0,파리바게뜨,329-42-57512,2024-04-01,카드,대중교통
2024-11-19,M265,49391,0,0,0 일시불,0,서울대학병원,395-28-69063,2024-12-03,카드,주유
2024-09-08,M265,9556,0,0,0 일시불,0,현금영수증_병원,715-91-39476,2024-10-10,체크카드,직불/선불카드
2024-12-10,M265,20833,0,0,0 일시불,0,파리바게뜨,522-19-34177,2025-01-08,카드,약국
2024-03-09,M265,45533,0,0,0 일시불,0,맥도날드,454-42-40816,2024-04-04,카드,약국
2024-10-16,M265,11690,0,0,0 일시불,0,영화관 CGV,757-41-45819,2024-11-08,카드,온라인쇼핑
2024-08-18,M265,31140,0,0,0 일시불,0,이마트,392-76-41290,2024-09-05,카드,카페
2024-10-01,M265,18502,0,0,0 일시불,0,GS25 편의점,511-49-58056,2024-11-02,카드,병원
2024-03-21,M265,35143,0,0,0 일시불,0,현대서점,721-61-88014,2024-04-01,카드,병원
2024-07-07,M265,15116,0,0,0 일시불,0,베스킨라빈스,434-33-84784,2024-08-07,카드,대중교통
2024-04-18,M265,14651,0,0,0 일시불,0,온누리약국,396-79-92528,2024-05-10,카드,카페
2024-10-28,M265,23240,0,0,0 일시불,0,베스킨라빈스,838-65-81235,2024-11-09,체크카드,직불/선불카드
2024-09-06,M265,2344,0,0,0 일시불,0,현대서점,445-25-99927,2024-10-03,카드,신용카드
2024-04-12,M265,38569,0,0,0 일시불,0,이마트,197-62-26895,2024-05-10,카드,대중교통
2024-01-08,M265,47269,0,0,0 일시불,0,지하철,149-90-67923,2024-02-04,카드,카페
2024-12-10,M265,47466,0,0,0 일시불,0,현금영수증_피트니스,146-54-74889,2025-01-01,카드,약국
2024-12-06,M265,37903,0,0,0 일시불,0,GS25 편의점,805-47-60764,2025-01-03,카드,약국
2024-12-01,M265,37188,0,0,0 일시불,0,파리바게뜨,766-77-21587,2025-01-06,카드,음식점
2024-07-22,M265,17686,0,0,0 일시불,0,전통시장 김밥집,414-96-27925,2024-08-07,카드,공연/영화
2024-02-07,M265,1456,0,0,0 일시불,0,SK주유소,327-17-84386,2024-03-06,카드,카페
2024-05-24,M265,17419,0,0,0 일시불,0,영화관 CGV,121-27-45680,2024-06-05,카드,전통시장
2024-03-27,M265,28905,0,0,0 일시불,0,베스킨라빈스,460-42-37564,2024-04-09,카드,전통시장
2024-11-14,M265,31455,0,0,0 일시불,0,온누리약국,363-34-72874,2024-12-06,카드,신용카드
2024-05-11,M265,46304,0,0,0 일시불,0,GS25 편의점,635-76-75583,2024-06-02,카드,병원
2024-08-23,M265,28725,0,0,0 일시불,0,영화관 CGV,183-68-43653,2024-09-01,카드,대중교통
2024-01-29,M265,37066,0,0,0 일시불,0,맥도날드,727-80-92277,2024-02-10,카드,대중교통
2024-02-28,M265,28326,0,0,0 일시불,0,스타벅스,546-27-75090,2024-03-04,카드,신용카드
2024-08-11,M265,16138,0,0,0 일시불,0,베스킨라빈스,181-83-89810,2024-09-01,체크카드,직불/선불카드
2024-08-14,M265,25347,0,0,0 일시불,0,성남버스,572-68-58500,2024-09-06,카드,주유
2024-09-20,M265,44865,0,0,0 일시불,0,전통시장 수산물,536-38-87471,2024-10-05,카드,공연/영화
2024-10-16,M265,8234,0,0,0 일시불,0,맥도날드,795-19-48476,2024-11-01,카드,전통시장
2024-07-03,M265,43220,0,0,0 일시불,0,현금영수증_피트니스,834-39-71635,2024-08-08,카드,카페
2024-03-26,M265,21168,0,0,0 일시불,0,카카오택시,681-71-47079,2024-04-04,체크카드,직불/선불카드
2024-10-04,M265,4851,0,0,0 일시불,0,성남버스,147-36-92837,2024-11-09,카드,주유
2024-02-25,M265,6579,0,0,0 일시불,0,현대서점,656-89-51458,2024-03-02,카드,음식점
2024-08-13,M265,39973,0,0,0 일시불,0,지하철,859-73-63056,2024-09-04,카드,전통시장
2024-08-01,M265,11886,0,0,0 일시불,0,교보문고,904-48-94771,2024-09-04,카드,음식점
2024-03-15,M265,17933,0,0,0 일시불,0,서울대학병원,826-88-79840,2024-04-10,카드,도서/신문
2024-09-20,M265,24847,0,0,0 일시불,0,지하철,666-74-58167,2024-10-04,체크카드,직불/선불카드
2024-02-04,M265,44672,0,0,0 일시불,0,현금영수증_피트니스,220-15-72674,2024-03-01,카드,대중교통
2024-06-05,M265,25276,0,0,0 일시불,0,영화관 CGV,265-21-10742,2024-07-07,카드,음식점
2024-05-22,M265,33150,0,0,0 일시불,0,전통시장 김밥집,795-33-32507,2024-06-09,카드,신용카드
2024-04-27,M265,20380,0,0,0 일시불,0,맥도날드,807-37-66417,2024-05-01,카드,병원
2024-02-10,M265,29469,0,0,0 일시불,0,전통시장 김밥집,216-74-95701,2024-03-07,카드,카페
2024-01-06,M265,4933,0,0,0 일시불,0,현대서점,967-11-22157,2024-02-10,카드,공연/영화
2024-02-20,M265,7565,0,0,0 일시불,0,베스킨라빈스,798-10-95213,2024-03-04,카드,주유
2024-12-25,M265,19640,0,0,0 일시불,0,전통시장 수산물,692-81-26893,2025-01-04,카드,도서/신문
2024-04-29,M265,33263,0,0,0 일시불,0,현대서점,435-86-23778,2024-05-10,체크카드,직불/선불카드
2024-07-11,M265,39272,0,0,0 일시불,0,성남버스,924-39-81254,2024-08-07,카드,주유
2024-04-03,M265,8914,0,0,0 일시불,0,현금영수증_병원,926-28-43402,2024-05-05,카드,신용카드
2024-04-15,M265,41316,0,0,0 일시불,0,맥도날드,400-38-66348,2024-05-03,카드,병원
2024-05-18,M265,13667,0,0,0 일시불,0,GS25 편의점,476-91-44178,2024-06-09,카드,온라인쇼핑
2024-09-15,M265,14965,0,0,0 일시불,0,서울대학병원,677-98-37567,2024-10-02,카드,도서/신문
2024-04-15,M265,29642,0,0,0 일시불,0,쿠팡,513-99-72995,2024-05-02,카드,대중교통
2024-04-28,M265,34464,0,0,0 일시불,0,쿠팡,523-79-90013,2024-05-03,카드,주유
2024-03-25,M265,24679,0,0,0 일시불,0,GS25 편의점,151-55-65951,2024-04-10,카드,카페
2024-01-20,M265,47570,0,0,0 일시불,0,영화관 CGV,995-48-45337,2024-02-03,카드,약국
2024-03-14,M265,23978,0,0,0 일시불,0,전통시장 김밥집,913-10-27835,2024-04-10,체크카드,직불/선불카드
2024-05-05,M265,25439,0,0,0 일시불,0,스타벅스,240-92-75907,2024-06-02,카드,약국
2024-12-29,M265,5045,0,0,0 일시불,0,성남버스,471-76-68241,2025-01-09,체크카드,직불/선불카드
2024-03-02,M265,30934,0,0,0 일시불,0,서울대학병원,407-55-42910,2024-04-10,카드,온라인쇼핑
2024-06-10,M265,14171,0,0,0 일시불,0,온누리약국,419-87-23880,2024-07-03,카드,공연/영화
2024-10-13,M265,39732,0,0,0 일시불,0,전통시장 김밥집,808-56-36151,2024-11-04,카드,주유
2024-10-03,M265,17862,0,0,0 일시불,0,GS25 편의점,480-41-46187,2024-11-06,카드,공연/영화
2024-03-25,M265,1904,0,0,0 일시불,0,성남버스,842-58-76209,2024-04-06,카드,전통시장
2024-10-12,M265,21091,0,0,0 일시불,0,현금영수증_피트니스,872-44-13541,2024-11-08,카드,전통시장
2024-03-14,M265,47023,0,0,0 일시불,0,쿠팡,654-22-10461,2024-04-10,카드,온라인쇼핑
2024-04-19,M265,21666,0,0,0 일시불,0,교보문고,401-61-94283,2024-05-02,카드,음식점
2024-11-11,M265,18374,0,0,0 일시불,0,이마트,745-78-73671,2024-12-10,카드,음식점
2024-08-08,M265,41461,0,0,0 일시불,0,교보문고,457-49-39129,2024-09-04,카드,카페
2024-01-13,M265,19439,0,0,0 일시불,0,현대서점,973-44-63298,2024-02-01,카드,약국
2024-07-06,M265,10547,0,0,0 일시불,0,현금영수증_피트니스,301-83-78686,2024-08-08,카드,약국
2024-04-03,M265,30156,0,0,0 일시불,0,파리바게뜨,181-20-18594,2024-05-08,카드,주유
2024-02-19,M265,45046,0,0,0 일시불,0,성남버스,556-27-29244,2024-03-02,체크카드,직불/선불카드
2024-07-15,M265,8758,0,0,0 일시불,0,이마트,430-42-77517,2024-08-04,카드,음식점
2024-02-18,M265,31098,0,0,0 일시불,0,전통시장 수산물,558-19-70736,2024-03-01,카드,도서/신문
2024-05-14,M265,39976,0,0,0 일시불,0,온누리약국,953-53-76009,2024-06-03,카드,전통시장
2024-07-06,M265,42936,0,0,0 일시불,0,파리바게뜨,716-90-68693,2024-08-08,카드,온라인쇼핑
2024-03-17,M265,2949,0,0,0 일시불,0,GS25 편의점,557-39-43704,2024-04-10,카드,대중교통
2024-06-20,M265,33520,0,0,0 일시불,0,맥도날드,731-50-97077,2024-07-08,카드,도서/신문
2024-06-20,M265,23313,0,0,0 일시불,0,교보문고,864-21-32149,2024-07-08,카드,공연/영화
2024-03-11,M265,13898,0,0,0 일시불,0,전통시장 김밥집,687-66-76393,2024-04-06,카드,신용카드
2024-12-20,M265,22030,0,0,0 일시불,0,GS25 편의점,586-55-40647,2025-01-02,카드,온라인쇼핑
2024-07-04,M265,46637,0,0,0 일시불,0,GS25 편의점,411-56-32460,2024-08-09,카드,카페
2024-07-29,M265,43070,0,0,0 일시불,0,카카오택시,719-59-30693,2024-08-09,체크카드,직불/선불카드
2024-08-20,M265,31788,0,0,0 일시불,0,이마트,333-50-21485,2024-09-03,카드,주유
2024-04-15,M265,22097,0,0,0 일시불,0,맥도날드,520-23-76334,2024-05-04,카드,전통시장
2024-07-21,M265,25913,0,0,0 일시불,0,GS25 편의점,409-49-15117,2024-08-01,카드,카페
2024-03-08,M265,2143,0,0,0 일시불,0,현대서점,586-99-80389,2024-04-02,카드,약국
2024-11-26,M265,40752,0,0,0 일시불,0,쿠팡,938-69-25101,2024-12-03,카드,주유
2024-01-03,M265,18375,0,0,0 일시불,0,이마트,482-80-28518,2024-02-07,카드,신용카드
2024-12-15,M265,2250,0,0,0 일시불,0,서울대학병원,546-61-49190,2025-01-02,카드,약국
2024-09-22,M265,31810,0,0,0 일시불,0,지하철,674-84-56310,2024-10-10,카드,병원
2024-12-09,M265,4680,0,0,0 일시불,0,쿠팡,498-20-90475,2025-01-03,카드,카페
2024-02-21,M265,23838,0,0,0 일시불,0,이마트,243-96-74176,2024-03-01,카드,카페
2024-07-07,M265,41613,0,0,0 일시불,0,SK주유소,156-83-19953,2024-08-05,카드,대중교통
2024-03-06,M265,10701,0,0,0 일시불,0,현금영수증_피트니스,739-74-89442,2024-04-06,카드,병원
2024-09-01,M265,40605,0,0,0 일시불,0,이마트,727-92-75131,2024-10-02,카드,전통시장
2024-12-24,M265,30429,0,0,0 일시불,0,카카오택시,494-84-17625,2025-01-05,카드,신용카드
2024-05-28,M265,3810,0,0,0 일시불,0,이마트,923-14-95786,2024-06-06,카드,신용카드
2024-08-05,M265,14986,0,0,0 일시불,0,현금영수증_병원,735-13-99256,2024-09-03,카드,음식점
2024-01-18,M265,16442,0,0,0 일시불,0,SK주유소,165-75-37139,2024-02-05,카드,약국
2024-09-06,M265,33558,0,0,0 일시불,0,맥도날드,204-14-94916,2024-10-07,카드,음식점
2024-09-18,M265,8497,0,0,0 일시불,0,파리바게뜨,619-48-55108,2024-10-09,카드,신용카드
2024-11-07,M265,12928,0,0,0 일시불,0,베스킨라빈스,990-29-18555,2024-12-10,카드,전통시장
2024-09-27,M265,23551,0,0,0 일시불,0,베스킨라빈스,984-61-33527,2024-10-05,체크카드,직불/선불카드
2024-01-02,M265,49847,0,0,0 일시불,0,스타벅스,665-35-86318,2024-02-07,카드,카페
2024-09-21,M265,35529,0,0,0 일시불,0,이마트,403-79-69501,2024-10-02,카드,온라인쇼핑
2024-01-06,M265,47873,0,0,0 일시불,0,성남버스,908-12-67965,2024-02-05,카드,음식점
2024-08-06,M265,35862,0,0,0 일시불,0,교보문고,197-94-45214,2024-09-05,카드,도서/신문
2024-04-16,M265,17181,0,0,0 일시불,0,SK주유소,354-17-94941,2024-05-09,체크카드,직불/선불카드
2024-01-31,M265,8747,0,0,0 일시불,0,성남버스,919-45-83964,2024-02-02,카드,병원
2024-11-25,M265,12660,0,0,0 일시불,0,서울대학병원,335-75-46488,2024-12-10,카드,주유
2024-06-10,M265,46953,0,0,0 일시불,0,카카오택시,778-35-68474,2024-07-03,카드,대중교통
2024-10-10,M265,25245,0,0,0 일시불,0,교보문고,361-54-50427,2024-11-08,카드,카페
2024-05-04,M265,33051,0,0,0 일시불,0,서울대학병원,793-23-40070,2024-06-09,카드,신용카드
2024-12-27,M265,39558,0,0,0 일시불,0,파리바게뜨,572-86-85637,2025-01-08,카드,약국
2024-04-01,M265,13717,0,0,0 일시불,0,SK주유소,270-36-19079,2024-05-04,카드,주유
2024-10-18,M265,24453,0,0,0 일시불,0,전통시장 수산물,397-75-40473,2024-11-02,카드,대중교통
2024-08-29,M265,31600,0,0,0 일시불,0,GS25 편의점,490-87-26484,2024-09-09,카드,전통시장
2024-11-03,M265,10560,0,0,0 일시불,0,전통시장 김밥집,670-49-72434,2024-12-01,카드,음식점
2024-11-24,M265,48658,0,0,0 일시불,0,쿠팡,291-38-43906,2024-12-01,카드,신용카드
2024-11-12,M265,4812,0,0,0 일시불,0,지하철,395-14-65978,2024-12-01,카드,대중교통
2024-09-24,M265,21574,0,0,0 일시불,0,전통시장 수산물,474-47-79409,2024-10-03,카드,도서/신문
2024-11-28,M265,12437,0,0,0 일시불,0,영화관 CGV,601-13-43927,2024-12-10,카드,온라인쇼핑
2024-06-09,M265,36793,0,0,0 일시불,0,현대서점,590-66-35280,2024-07-07,카드,카페
2024-07-18,M265,26440,0,0,0 일시불,0,카카오택시,537-19-33795,2024-08-10,카드,주유
2024-02-19,M265,18283,0,0,0 일시불,0,현금영수증_피트니스,521-50-85626,2024-03-03,카드,도서/신문
2024-02-01,M265,49223,0,0,0 일시불,0,스타벅스,171-41-71544,2024-03-01,카드,음식점
2024-07-01,M265,29881,0,0,0 일시불,0,쿠팡,419-47-75422,2024-08-04,카드,신용카드
2024-09-01,M265,46606,0,0,0 일시불,0,카카오택시,412-38-66710,2024-10-04,카드,카페
2024-03-04,M265,47964,0,0,0 일시불,0,SK주유소,843-60-36490,2024-04-03,카드,도서/신문
2024-08-23,M265,12316,0,0,0 일시불,0,맥도날드,530-48-35354,2024-09-03,카드,전통시장
2024-05-28,M265,8300,0,0,0 일시불,0,현금영수증_병원,305-26-62772,2024-06-06,카드,도서/신문
2024-05-12,M265,17698,0,0,0 일시불,0,현금영수증_피트니스,464-34-71875,2024-06-09,카드,음식점
2024-08-08,M265,25523,0,0,0 일시불,0,SK주유소,172-54-66240,2024-09-09,카드,신용카드
2024-11-24,M265,44759,0,0,0 일시불,0,쿠팡,327-76-87422,2024-12-09,카드,온라인쇼핑
2024-06-28,M265,41012,0,0,0 일시불,0,전통시장 김밥집,702-12-37899,2024-07-10,카드,약국
2024-01-08,M265,42279,0,0,0 일시불,0,현대서점,909-72-69714,2024-02-08,카드,대중교통
2024-10-05,M265,43078,0,0,0 일시불,0,현금영수증_병원,694-64-96519,2024-11-07,카드,온라인쇼핑
2024-05-19,M265,44891,0,0,0 일시불,0,지하철,879-58-12781,2024-06-01,카드,대중교통
2024-02-29,M265,34234,0,0,0 일시불,0,현대서점,820-75-26272,2024-03-09,카드,대중교통
2024-05-10,M265,42822,0,0,0 일시불,0,쿠팡,153-25-47536,2024-06-09,카드,대중교통
2024-04-13,M265,42368,0,0,0 일시불,0,SK주유소,487-79-58034,2024-05-06,카드,대중교통
2024-12-18,M265,13560,0,0,0 일시불,0,지하철,548-48-32531,2025-01-05,카드,신용카드
2024-07-16,M265,34134,0,0,0 일시불,0,맥도날드,939-32-31254,2024-08-04,카드,약국
2024-06-19,M265,32953,0,0,0 일시불,0,파리바게뜨,308-46-66454,2024-07-06,카드,음식점
2024-09-25,M265,16611,0,0,0 일시불,0,지하철,838-72-90168,2024-10-04,카드,음식점
2024-03-06,M265,34730,0,0,0 일시불,0,지하철,781-11-17757,2024-04-03,카드,병원
2024-11-17,M265,24494,0,0,0 일시불,0,이마트,959-55-87066,2024-12-07,카드,카페
2024-06-28,M265,39593,0,0,0 일시불,0,서울대학병원,382-67-22800,2024-07-10,카드,도서/신문
2024-04-14,M265,19013,0,0,0 일시불,0,성남버스,873-62-60940,2024-05-07,카드,대중교통
2024-11-12,M265,2279,0,0,0 일시불,0,현금영수증_병원,706-48-27292,2024-12-10,현금영수증,현금영수증
2024-01-27,M265,20683,0,0,0 일시불,0,지하철,335-18-92553,2024-02-06,체크카드,직불/선불카드
2024-12-19,M265,39131,0,0,0 일시불,0,이마트,194-54-25853,2025-01-01,카드,병원
2024-12-15,M265,38635,0,0,0 일시불,0,SK주유소,439-24-64223,2025-01-01,카드,음식점
2024-08-13,M265,12279,0,0,0 일시불,0,카카오택시,133-58-26271,2024-09-02,카드,공연/영화
2024-08-20,M265,18345,0,0,0 일시불,0,전통시장 수산물,809-62-40107,2024-09-05,카드,약국
2024-11-15,M265,48595,0,0,0 일시불,0,지하철,520-40-39139,2024-12-05,카드,신용카드
2024-11-17,M265,32381,0,0,0 일시불,0,전통시장 김밥집,916-29-20376,2024-12-02,카드,대중교통
2024-12-10,M265,18277,0,0,0 일시불,0,카카오택시,106-35-81036,2025-01-02,카드,공연/영화
2024-07-26,M265,46930,0,0,0 일시불,0,현금영수증_병원,992-52-59814,2024-08-06,카드,공연/영화
2024-02-11,M265,37535,0,0,0 일시불,0,서울대학병원,608-64-44998,2024-03-03,카드,도서/신문
2024-10-23,M265,14978,0,0,0 일시불,0,맥도날드,963-66-94999,2024-11-04,카드,신용카드
2024-11-19,M265,14600,0,0,0 일시불,0,이마트,466-58-57581,2024-12-01,카드,음식점
2024-05-16,M265,8779,0,0,0 일시불,0,현금영수증_피트니스,843-65-20364,2024-06-06,카드,카페
2024-05-16,M265,40122,0,0,0 일시불,0,영화관 CGV,261-60-59344,2024-06-07,카드,주유
2024-12-04,M265,12073,0,0,0 일시불,0,온누리약국,831-45-35852,2025-01-06,카드,온라인쇼핑
2024-04-30,M265,46594,0,0,0 일시불,0,베스킨라빈스,180-12-82390,2024-05-07,카드,카페
2024-08-19,M265,24311,0,0,0 일시불,0,지하철,444-35-55326,2024-09-02,카드,공연/영화
2024-07-23,M265,25029,0,0,0 일시불,0,쿠팡,762-21-43513,2024-08-07,카드,전통시장
2024-07-12,M265,19894,0,0,0 일시불,0,영화관 CGV,428-59-42816,2024-08-01,카드,전통시장
2024-10-11,M265,17876,0,0,0 일시불,0,SK주유소,998-41-99461,2024-11-08,카드,신용카드
2024-09-21,M265,2711,0,0,0 일시불,0,베스킨라빈스,188-37-70805,2024-10-02,카드,신용카드
2024-05-07,M265,11997,0,0,0 일시불,0,교보문고,149-10-25386,2024-06-10,카드,약국
2024-08-11,M265,31663,0,0,0 일시불,0,현금영수증_피트니스,189-76-57569,2024-09-02,카드,온라인쇼핑
2024-01-11,M265,7005,0,0,0 일시불,0,지하철,314-40-72277,2024-02-03,카드,신용카드
2024-12-24,M265,37255,0,0,0 일시불,0,GS25 편의점,874-80-64923,2025-01-10,카드,온라인쇼핑
2024-09-09,M265,8442,0,0,0 일시불,0,맥도날드,281-29-44843,2024-10-10,카드,주유
2024-03-17,M265,29747,0,0,0 일시불,0,현금영수증_병원,394-29-48661,2024-04-03,체크카드,직불/선불카드
2024-12-06,M265,33986,0,0,0 일시불,0,파리바게뜨,403-80-56579,2025-01-01,카드,카페
2024-05-26,M265,20632,0,0,0 일시불,0,맥도날드,490-28-76060,2024-06-03,카드,병원
2024-07-23,M265,14537,0,0,0 일시불,0,지하철,868-33-32431,2024-08-04,카드,대중교통
2024-04-27,M265,35229,0,0,0 일시불,0,베스킨라빈스,561-47-87282,2024-05-03,카드,온라인쇼핑
2024-09-17,M265,4322,0,0,0 일시불,0,베스킨라빈스,953-58-62012,2024-10-08,카드,주유
2024-11-19,M265,36330,0,0,0 일시불,0,교보문고,276-98-17278,2024-12-09,카드,대중교통
2024-09-14,M265,46500,0,0,0 일시불,0,스타벅스,366-52-54828,2024-10-05,카드,도서/신문
2024-12-14,M265,48200,0,0,0 일시불,0,맥도날드,383-47-93227,2025-01-08,카드,도서/신문
2024-09-07,M265,15319,0,0,0 일시불,0,현대서점,460-63-56256,2024-10-01,카드,대중교통
2024-02-20,M265,9348,0,0,0 일시불,0,현금영수증_피트니스,368-75-35413,2024-03-03,카드,전통시장
2024-07-10,M265,9513,0,0,0 일시불,0,전통시장 수산물,227-94-94378,2024-08-03,카드,약국
2024-07-08,M265,12578,0,0,0 일시불,0,GS25 편의점,995-42-39873,2024-08-02,카드,대중교통
2024-07-23,M265,26809,0,0,0 일시불,0,교보문고,266-53-82577,2024-08-07,카드,주유
2024-05-09,M265,40745,0,0,0 일시불,0,성남버스,135-94-43112,2024-06-06,카드,병원
2024-06-02,M265,19210,0,0,0 일시불,0,서울대학병원,533-14-12904,2024-07-07,카드,공연/영화
2024-08-18,M265,21454,0,0,0 일시불,0,베스킨라빈스,889-73-65999,2024-09-10,카드,신용카드
2024-09-05,M265,10914,0,0,0 일시불,0,온누리약국,828-77-50914,2024-10-03,체크카드,직불/선불카드
2024-06-16,M265,5279,0,0,0 일시불,0,현대서점,443-98-93829,2024-07-08,카드,신용카드
2024-08-17,M265,27043,0,0,0 일시불,0,파리바게뜨,280-33-18791,2024-09-04,카드,약국
2024-12-16,M265,36574,0,0,0 일시불,0,전통시장 수산물,385-36-76439,2025-01-08,카드,약국
2024-05-28,M265,21483,0,0,0 일시불,0,서울대학병원,980-16-11181,2024-06-07,카드,카페
2024-08-23,M265,30279,0,0,0 일시불,0,전통시장 김밥집,620-25-99378,2024-09-08,체크카드,직불/선불카드
2024-12-23,M265,47204,0,0,0 일시불,0,베스킨라빈스,476-60-46402,2025-01-09,카드,신용카드
2024-07-26,M265,15145,0,0,0 일시불,0,스타벅스,930-16-86791,2024-08-03,카드,카페
2024-12-11,M265,4418,0,0,0 일시불,0,지하철,443-80-58869,2025-01-04,카드,병원
2024-11-01,M265,36831,0,0,0 일시불,0,서울대학병원,493-86-35055,2024-12-09,카드,주유
2024-11-25,M265,36753,0,0,0 일시불,0,교보문고,512-84-82837,2024-12-08,카드,약국
2024-03-11,M265,35573,0,0,0 일시불,0,현대서점,267-40-74088,2024-04-01,카드,온라인쇼핑
2024-01-21,M265,14408,0,0,0 일시불,0,현대서점,427-43-75604,2024-02-04,카드,도서/신문
2024-09-26,M265,11212,0,0,0 일시불,0,베스킨라빈스,692-50-25161,2024-10-10,카드,온라인쇼핑
2024-01-17,M265,21935,0,0,0 일시불,0,맥도날드,688-97-76750,2024-02-10,카드,주유
2024-03-26,M265,29416,0,0,0 일시불,0,성남버스,600-56-72400,2024-04-05,카드,약국
2024-09-26,M265,24845,0,0,0 일시불,0,현대서점,126-93-35364,2024-10-10,카드,온라인쇼핑
2024-08-26,M265,16123,0,0,0 일시불,0,영화관 CGV,260-36-46795,2024-09-06,카드,공연/영화
2024-11-11,M265,33657,0,0,0 일시불,0,현금영수증_병원,892-25-32843,2024-12-04,현금영수증,현금영수증
2024-08-29,M265,21166,0,0,0 일시불,0,지하철,867-44-96197,2024-09-10,체크카드,직불/선불카드
2024-12-01,M265,38975,0,0,0 일시불,0,서울대학병원,595-39-40882,2025-01-05,카드,신용카드
2024-09-12,M265,6848,0,0,0 일시불,0,GS25 편의점,166-65-38929,2024-10-09,체크카드,직불/선불카드
2024-01-21,M265,39752,0,0,0 일시불,0,파리바게뜨,514-38-29910,2024-02-01,카드,신용카드
2024-04-01,M265,5761,0,0,0 일시불,0,카카오택시,548-40-44392,2024-05-08,카드,주유
2024-01-29,M265,3950,0,0,0 일시불,0,서울대학병원,115-60-53623,2024-02-01,카드,신용카드
2024-12-01,M265,36675,0,0,0 일시불,0,지하철,296-98-60606,2025-01-10,체크카드,직불/선불카드
2024-01-08,M265,32932,0,0,0 일시불,0,지하철,301-18-34454,2024-02-04,카드,카페
2024-06-30,M265,32560,0,0,0 일시불,0,성남버스,866-52-87178,2024-07-02,카드,공연/영화
2024-10-27,M265,10238,0,0,0 일시불,0,지하철,746-62-82333,2024-11-08,카드,도서/신문
2024-02-04,M265,29592,0,0,0 일시불,0,맥도날드,946-34-81650,2024-03-01,카드,카페
2024-11-11,M265,19783,0,0,0 일시불,0,이마트,969-69-73711,2024-12-07,카드,병원
2024-03-08,M265,39064,0,0,0 일시불,0,GS25 편의점,525-45-87603,2024-04-02,체크카드,직불/선불카드
2024-10-24,M265,41259,0,0,0 일시불,0,서울대학병원,981-43-50078,2024-11-05,카드,주유
2024-02-06,M265,20695,0,0,0 일시불,0,현금영수증_피트니스,337-83-57686,2024-03-09,카드,병원
2024-05-21,M265,20748,0,0,0 일시불,0,교보문고,654-18-21061,2024-06-04,카드,주유
2024-02-23,M265,34367,0,0,0 일시불,0,맥도날드,664-65-48998,2024-03-08,카드,주유
2024-12-22,M265,20042,0,0,0 일시불,0,현금영수증_병원,897-77-29258,2025-01-09,카드,약국
2024-01-06,M265,33239,0,0,0 일시불,0,스타벅스,757-68-37585,2024-02-01,카드,공연/영화
2024-10-28,M265,42211,0,0,0 일시불,0,파리바게뜨,458-89-59138,2024-11-10,카드,도서/신문
2024-09-04,M265,1433,0,0,0 일시불,0,GS25 편의점,672-25-19161,2024-10-05,카드,음식점
2024-11-18,M265,31136,0,0,0 일시불,0,현대서점,859-77-11067,2024-12-04,카드,주유
2024-12-11,M265,12515,0,0,0 일시불,0,쿠팡,565-24-35330,2025-01-04,카드,신용카드
2024-04-18,M265,37618,0,0,0 일시불,0,쿠팡,856-55-10394,2024-05-04,카드,주유
2024-03-21,M265,49138,0,0,0 일시불,0,지하철,143-87-90666,2024-04-01,카드,공연/영화
2024-04-15,M265,2444,0,0,0 일시불,0,교보문고,848-63-18881,2024-05-10,체크카드,직불/선불카드
2024-07-12,M265,15008,0,0,0 일시불,0,지하철,145-27-89768,2024-08-09,카드,음식점
2024-09-24,M265,6570,0,0,0 일시불,0,교보문고,478-38-69053,2024-10-10,체크카드,직불/선불카드
2024-12-07,M265,27296,0,0,0 일시불,0,성남버스,881-17-57598,2025-01-08,카드,병원
2024-02-06,M265,45640,0,0,0 일시불,0,SK주유소,201-90-93671,2024-03-09,카드,음식점
2024-01-24,M265,24346,0,0,0 일시불,0,지하철,432-13-64783,2024-02-07,카드,카페
2024-04-14,M265,42606,0,0,0 일시불,0,파리바게뜨,984-60-40724,2024-05-03,카드,음식점
2024-08-03,M265,14013,0,0,0 일시불,0,카카오택시,206-83-17629,2024-09-09,카드,주유
2024-03-27,M265,20339,0,0,0 일시불,0,스타벅스,565-64-66901,2024-04-10,카드,병원
2024-06-07,M265,37297,0,0,0 일시불,0,서울대학병원,883-52-35660,2024-07-10,카드,대중교통
2024-04-25,M265,34371,0,0,0 일시불,0,전통시장 수산물,365-55-10261,2024-05-02,카드,카페
2024-06-30,M265,36069,0,0,0 일시불,0,맥도날드,131-91-41665,2024-07-04,카드,카페
2024-08-12,M265,27331,0,0,0 일시불,0,성남버스,631-46-68492,2024-09-05,카드,카페
2024-02-26,M265,32694,0,0,0 일시불,0,SK주유소,223-93-14484,2024-03-08,카드,카페
2024-06-02,M265,27098,0,0,0 일시불,0,지하철,189-69-93645,2024-07-05,카드,신용카드
2024-06-09,M265,16783,0,0,0 일시불,0,카카오택시,382-40-27949,2024-07-04,체크카드,직불/선불카드
2024-01-18,M265,48764,0,0,0 일시불,0,파리바게뜨,549-50-26249,2024-02-05,카드,신용카드
2024-05-30,M265,30432,0,0,0 일시불,0,영화관 CGV,931-53-36471,2024-06-01,카드,음식점
2024-03-23,M265,17596,0,0,0 일시불,0,SK주유소,781-24-95999,2024-04-10,카드,주유
2024-04-17,M265,25732,0,0,0 일시불,0,영화관 CGV,182-13-54243,2024-05-03,카드,약국
2024-12-27,M265,7280,0,0,0 일시불,0,지하철,687-43-27092,2025-01-05,카드,카페
2024-12-22,M265,48045,0,0,0 일시불,0,현금영수증_피트니스,252-25-53783,2025-01-06,카드,도서/신문
2024-04-17,M265,9666,0,0,0 일시불,0,온누리약국,203-79-43172,2024-05-02,체크카드,직불/선불카드
2024-11-27,M265,28814,0,0,0 일시불,0,전통시장 김밥집,378-82-58433,2024-12-06,카드,음식점
2024-08-26,M265,37919,0,0,0 일시불,0,지하철,928-98-76774,2024-09-09,카드,약국
2024-12-15,M265,48320,0,0,0 일시불,0,스타벅스,508-92-86359,2025-01-08,카드,카페
2024-02-11,M265,6398,0,0,0 일시불,0,현금영수증_피트니스,925-82-54425,2024-03-07,카드,공연/영화
2024-03-13,M265,36315,0,0,0 일시불,0,쿠팡,160-78-19749,2024-04-04,카드,온라인쇼핑
2024-06-28,M265,24443,0,0,0 일시불,0,교보문고,827-36-23964,2024-07-09,카드,신용카드
2024-02-13,M265,49494,0,0,0 일시불,0,성남버스,811-42-30766,2024-03-05,카드,주유
2024-02-02,M265,26768,0,0,0 일시불,0,현금영수증_병원,219-40-29443,2024-03-09,카드,공연/영화
2024-09-13,M265,25137,0,0,0 일시불,0,지하철,766-64-24252,2024-10-09,카드,온라인쇼핑
2024-03-13,M265,43369,0,0,0 일시불,0,쿠팡,872-11-28849,2024-04-02,카드,전통시장
2024-09-10,M265,49069,0,0,0 일시불,0,쿠팡,578-72-55137,2024-10-06,카드,주유
2024-01-29,M265,9526,0,0,0 일시불,0,현금영수증_병원,318-51-86214,2024-02-05,현금영수증,현금영수증
2024-12-13,M265,17307,0,0,0 일시불,0,카카오택시,606-44-52787,2025-01-04,카드,신용카드
2024-05-04,M265,42871,0,0,0 일시불,0,교보문고,996-67-46105,2024-06-03,카드,도서/신문
2024-01-18,M265,32003,0,0,0 일시불,0,교보문고,419-66-83583,2024-02-06,카드,카페
2024-11-03,M265,49574,0,0,0 일시불,0,이마트,791-62-48931,2024-12-02,카드,공연/영화
2024-07-04,M265,13764,0,0,0 일시불,0,영화관 CGV,425-36-72516,2024-08-07,카드,신용카드
2024-04-10,M265,31172,0,0,0 일시불,0,성남버스,104-15-95214,2024-05-02,카드,도서/신문
2024-09-03,M265,35281,0,0,0 일시불,0,현금영수증_피트니스,217-38-27719,2024-10-09,카드,전통시장
2024-03-29,M265,45388,0,0,0 일시불,0,온누리약국,883-56-86151,2024-04-10,카드,전통시장
2024-10-29,M265,13361,0,0,0 일시불,0,카카오택시,876-96-15186,2024-11-05,카드,신용카드
2024-02-26,M265,23880,0,0,0 일시불,0,온누리약국,850-21-93207,2024-03-07,카드,신용카드
2024-04-06,M265,34047,0,0,0 일시불,0,현대서점,793-52-34285,2024-05-04,카드,공연/영화
2024-05-27,M265,22134,0,0,0 일시불,0,이마트,632-23-29183,2024-06-02,카드,대중교통
2024-07-13,M265,36820,0,0,0 일시불,0,베스킨라빈스,771-30-87666,2024-08-05,카드,주유
2024-01-27,M265,42791,0,0,0 일시불,0,카카오택시,569-15-41367,2024-02-08,카드,공연/영화
2024-12-02,M265,39685,0,0,0 일시불,0,온누리약국,193-42-87786,2025-01-02,카드,음식점
2024-04-22,M265,25266,0,0,0 일시불,0,전통시장 김밥집,928-68-64959,2024-05-05,카드,도서/신문
2024-01-12,M265,24164,0,0,0 일시불,0,현금영수증_병원,519-81-95764,2024-02-07,카드,대중교통
2024-04-19,M265,31314,0,0,0 일시불,0,현금영수증_피트니스,643-36-99611,2024-05-02,카드,대중교통
2024-04-01,M265,18820,0,0,0 일시불,0,서울대학병원,493-94-35813,2024-05-04,카드,주유
2024-06-17,M265,45198,0,0,0 일시불,0,지하철,706-33-54276,2024-07-09,카드,공연/영화
2024-06-05,M265,9961,0,0,0 일시불,0,영화관 CGV,952-97-36723,2024-07-10,카드,전통시장
2024-09-15,M265,17154,0,0,0 일시불,0,서울대학병원,323-23-66194,2024-10-09,카드,주유
2024-03-24,M265,10305,0,0,0 일시불,0,성남버스,369-98-58394,2024-04-05,카드,온라인쇼핑
2024-04-20,M265,44119,0,0,0 일시불,0,서울대학병원,839-20-18034,2024-05-10,카드,주유
2024-12-11,M265,39777,0,0,0 일시불,0,GS25 편의점,347-90-23934,2025-01-01,카드,대중교통
2024-11-19,M265,44424,0,0,0 일시불,0,쿠팡,685-17-84280,2024-12-06,카드,전통시장
2024-08-08,M265,42212,0,0,0 일시불,0,현대서점,805-66-85304,2024-09-02,카드,공연/영화
2024-03-14,M265,19545,0,0,0 일시불,0,맥도날드,946-18-78552,2024-04-04,카드,도서/신문
2024-11-07,M265,36621,0,0,0 일시불,0,전통시장 김밥집,236-34-84622,2024-12-10,카드,온라인쇼핑
2024-06-14,M265,7148,0,0,0 일시불,0,현대서점,169-11-27867,2024-07-10,체크카드,직불/선불카드
2024-05-20,M265,46867,0,0,0 일시불,0,교보문고,286-95-80008,2024-06-05,카드,도서/신문
2024-10-17,M265,16078,0,0,0 일시불,0,GS25 편의점,647-72-37337,2024-11-01,카드,전통시장
2024-10-20,M265,23774,0,0,0 일시불,0,파리바게뜨,211-45-92341,2024-11-02,카드,신용카드
2024-06-15,M265,1742,0,0,0 일시불,0,GS25 편의점,268-59-50337,2024-07-02,카드,온라인쇼핑
2024-07-26,M265,4138,0,0,0 일시불,0,현금영수증_병원,174-10-27707,2024-08-07,체크카드,직불/선불카드
2024-03-22,M265,34350,0,0,0 일시불,0,카카오택시,379-62-29035,2024-04-02,카드,음식점
2024-04-04,M265,9833,0,0,0 일시불,0,현금영수증_병원,591-97-28163,2024-05-01,체크카드,직불/선불카드
2024-05-29,M265,12988,0,0,0 일시불,0,맥도날드,641-98-81737,2024-06-10,카드,온라인쇼핑
2024-03-11,M265,27185,0,0,0 일시불,0,영화관 CGV,245-18-12294,2024-04-02,카드,온라인쇼핑
2024-07-10,M265,45130,0,0,0 일시불,0,온누리약국,616-22-30049,2024-08-06,카드,약국
2024-07-03,M265,33270,0,0,0 일시불,0,현금영수증_피트니스,611-25-11581,2024-08-05,카드,신용카드
2024-04-15,M265,26526,0,0,0 일시불,0,서울대학병원,545-70-90404,2024-05-06,카드,병원
2024-12-28,M265,20559,0,0,0 일시불,0,서울대학병원,360-33-63791,2025-01-08,카드,공연/영화
2024-03-11,M265,30666,0,0,0 일시불,0,스타벅스,847-89-34007,2024-04-05,카드,공연/영화
2024-01-09,M265,25404,0,0,0 일시불,0,카카오택시,559-64-53360,2024-02-07,카드,신용카드
2024-02-13,M265,43269,0,0,0 일시불,0,지하철,915-76-45891,2024-03-05,카드,온라인쇼핑
2024-08-15,M265,26974,0,0,0 일시불,0,현대서점,784-36-96415,2024-09-05,카드,음식점
2024-07-07,M265,24547,0,0,0 일시불,0,카카오택시,672-51-47012,2024-08-01,카드,카페
2024-10-29,M265,7879,0,0,0 일시불,0,지하철,873-47-63312,2024-11-03,카드,대중교통
2024-06-19,M265,24816,0,0,0 일시불,0,SK주유소,612-94-82991,2024-07-09,카드,병원
2024-02-15,M265,28276,0,0,0 일시불,0,전통시장 수산물,196-27-89103,2024-03-07,체크카드,직불/선불카드
2024-08-28,M265,7079,0,0,0 일시불,0,맥도날드,552-94-79611,2024-09-06,카드,주유
2024-11-17,M265,41807,0,0,0 일시불,0,영화관 CGV,242-45-40859,2024-12-05,카드,공연/영화
2024-05-14,M265,16700,0,0,0 일시불,0,온누리약국,570-92-91307,2024-06-01,카드,주유
2024-03-03,M265,2321,0,0,0 일시불,0,현금영수증_병원,236-97-48919,2024-04-01,카드,전통시장
2024-10-30,M265,32450,0,0,0 일시불,0,전통시장 김밥집,174-15-40228,2024-11-05,카드,온라인쇼핑
2024-12-07,M265,23747,0,0,0 일시불,0,베스킨라빈스,349-20-37312,2025-01-10,카드,병원
2024-11-03,M265,47033,0,0,0 일시불,0,전통시장 김밥집,471-16-84628,2024-12-09,카드,병원
2024-05-17,M265,46099,0,0,0 일시불,0,이마트,290-79-72605,2024-06-05,카드,음식점
2024-01-05,M265,40374,0,0,0 일시불,0,전통시장 김밥집,378-83-69972,2024-02-02,카드,신용카드
2024-08-31,M265,20581,0,0,0 일시불,0,온누리약국,469-32-91151,2024-09-06,카드,카페
2024-03-16,M265,4429,0,0,0 일시불,0,전통시장 수산물,339-28-68824,2024-04-03,카드,병원
2024-03-10,M265,11118,0,0,0 일시불,0,SK주유소,772-63-55865,2024-04-10,카드,도서/신문
2024-11-15,M265,21951,0,0,0 일시불,0,서울대학병원,173-54-12839,2024-12-03,카드,주유
2024-05-06,M265,15665,0,0,0 일시불,0,지하철,810-33-33049,2024-06-04,체크카드,직불/선불카드
2024-01-20,M265,27871,0,0,0 일시불,0,파리바게뜨,386-75-53502,2024-02-01,카드,공연/영화
2024-08-15,M265,19948,0,0,0 일시불,0,이마트,655-88-17339,2024-09-02,카드,도서/신문
2024-10-08,M265,35724,0,0,0 일시불,0,맥도날드,570-52-60053,2024-11-01,체크카드,직불/선불카드
2024-04-09,M265,1856,0,0,0 일시불,0,전통시장 수산물,266-37-44833,2024-05-07,카드,온라인쇼핑
2024-10-19,M265,39349,0,0,0 일시불,0,카카오택시,885-32-64389,2024-11-09,카드,약국
2024-06-01,M265,49195,0,0,0 일시불,0,현금영수증_피트니스,642-90-89517,2024-07-05,카드,온라인쇼핑
2024-03-09,M265,23453,0,0,0 일시불,0,온누리약국,822-17-63573,2024-04-03,카드,약국
2024-08-13,M265,25169,0,0,0 일시불,0,영화관 CGV,634-50-12725,2024-09-02,카드,주유
2024-06-27,M265,48646,0,0,0 일시불,0,지하철,753-56-56473,2024-07-04,카드,병원
2024-01-11,M265,10971,0,0,0 일시불,0,교보문고,486-95-99871,2024-02-08,카드,온라인쇼핑
2024-09-11,M265,7642,0,0,0 일시불,0,현금영수증_병원,713-64-10939,2024-10-03,카드,도서/신문
2024-04-05,M265,20245,0,0,0 일시불,0,카카오택시,251-82-79316,2024-05-01,카드,병원
2024-02-04,M265,18477,0,0,0 일시불,0,스타벅스,753-58-60722,2024-03-03,카드,병원
2024-03-12,M265,20189,0,0,0 일시불,0,현금영수증_피트니스,538-71-50025,2024-04-08,카드,공연/영화
2024-11-30,M265,11517,0,0,0 일시불,0,카카오택시,146-86-87994,2024-12-06,카드,온라인쇼핑
2024-12-11,M265,8914,0,0,0 일시불,0,스타벅스,197-18-59071,2025-01-07,카드,전통시장
2024-03-19,M265,11311,0,0,0 일시불,0,현금영수증_병원,747-27-61046,2024-04-09,카드,약국
2024-11-27,M265,1972,0,0,0 일시불,0,전통시장 김밥집,116-20-76663,2024-12-10,카드,신용카드
2024-12-26,M265,18343,0,0,0 일시불,0,현금영수증_피트니스,598-37-60731,2025-01-04,카드,대중교통
2024-07-28,M265,5007,0,0,0 일시불,0,현금영수증_병원,642-86-88376,2024-08-05,카드,카페
2024-06-25,M265,30268,0,0,0 일시불,0,지하철,461-78-52301,2024-07-07,카드,신용카드
2024-04-03,M265,24808,0,0,0 일시불,0,영화관 CGV,780-11-89746,2024-05-05,카드,신용카드
2024-11-13,M265,1134,0,0,0 일시불,0,파리바게뜨,108-97-53022,2024-12-01,카드,병원
2024-12-20,M265,2946,0,0,0 일시불,0,SK주유소,713-18-83827,2025-01-01,카드,전통시장
2024-01-13,M265,23457,0,0,0 일시불,0,현금영수증_병원,715-33-35116,2024-02-08,카드,대중교통
2024-12-09,M265,19942,0,0,0 일시불,0,이마트,777-51-51961,2025-01-07,카드,병원
2024-02-21,M265,28932,0,0,0 일시불,0,베스킨라빈스,928-76-42596,2024-03-10,카드,주유
2024-04-10,M265,28736,0,0,0 일시불,0,카카오택시,808-48-20811,2024-05-03,카드,신용카드
2024-02-08,M265,10100,0,0,0 일시불,0,교보문고,924-32-65748,2024-03-08,카드,약국
2024-11-22,M265,45254,0,0,0 일시불,0,영화관 CGV,263-25-76110,2024-12-08,카드,병원
2024-01-26,M265,3546,0,0,0 일시불,0,서울대학병원,226-87-18913,2024-02-07,카드,온라인쇼핑
2024-11-14,M265,32735,0,0,0 일시불,0,지하철,705-70-93105,2024-12-02,체크카드,직불/선불카드
2024-12-15,M265,8864,0,0,0 일시불,0,서울대학병원,634-70-36696,2025-01-07,카드,카페
2024-11-15,M265,10500,0,0,0 일시불,0,쿠팡,219-57-78158,2024-12-04,카드,병원
2024-03-05,M265,42913,0,0,0 일시불,0,SK주유소,151-70-86846,2024-04-03,카드,병원
2024-05-14,M265,41934,0,0,0 일시불,0,지하철,279-77-55430,2024-06-03,카드,주유
2024-07-23,M265,43136,0,0,0 일시불,0,지하철,890-46-30674,2024-08-08,카드,도서/신문
2024-01-08,M265,1673,0,0,0 일시불,0,지하철,496-20-11965,2024-02-08,카드,약국
2024-11-12,M265,46385,0,0,0 일시불,0,파리바게뜨,277-37-21526,2024-12-04,카드,음식점
2024-12-25,M265,40862,0,0,0 일시불,0,현대서점,849-96-17136,2025-01-08,체크카드,직불/선불카드
2024-10-26,M265,20538,0,0,0 일시불,0,현대서점,862-96-49510,2024-11-10,카드,병원
2024-05-02,M265,19298,0,0,0 일시불,0,현금영수증_병원,793-57-18475,2024-06-04,카드,병원
2024-12-31,M265,47410,0,0,0 일시불,0,지하철,372-36-83526,2025-01-01,체크카드,직불/선불카드
2024-07-25,M265,11564,0,0,0 일시불,0,GS25 편의점,197-89-49445,2024-08-06,카드,대중교통
2024-09-13,M265,24881,0,0,0 일시불,0,지하철,654-66-96984,2024-10-07,카드,전통시장
2024-08-06,M265,37877,0,0,0 일시불,0,현대서점,754-38-89437,2024-09-10,카드,약국
2024-08-09,M265,8854,0,0,0 일시불,0,지하철,715-34-81192,2024-09-01,카드,도서/신문
2024-11-27,M265,2142,0,0,0 일시불,0,교보문고,971-15-86676,2024-12-10,카드,약국
2024-09-20,M265,48919,0,0,0 일시불,0,교보문고,849-61-61293,2024-10-05,카드,도서/신문
2024-05-05,M265,37026,0,0,0 일시불,0,전통시장 수산물,242-95-66022,2024-06-10,체크카드,직불/선불카드
2024-04-28,M265,2467,0,0,0 일시불,0,지하철,734-24-56936,2024-05-10,카드,전통시장
2024-01-29,M265,2010,0,0,0 일시불,0,현금영수증_병원,114-29-24141,2024-02-10,카드,약국
2024-12-29,M265,39944,0,0,0 일시불,0,현대서점,151-90-77375,2025-01-09,카드,신용카드
2024-01-18,M265,43848,0,0,0 일시불,0,맥도날드,669-21-24949,2024-02-01,카드,온라인쇼핑
2024-01-12,M265,1584,0,0,0 일시불,0,파리바게뜨,738-33-39026,2024-02-07,카드,온라인쇼핑
2024-01-08,M265,12313,0,0,0 일시불,0,스타벅스,464-98-54615,2024-02-07,카드,공연/영화
2024-02-21,M265,13695,0,0,0 일시불,0,현금영수증_피트니스,832-93-91803,2024-03-09,카드,주유
2024-08-19,M265,11100,0,0,0 일시불,0,지하철,372-56-38451,2024-09-03,카드,주유
2024-07-15,M265,24482,0,0,0 일시불,0,전통시장 수산물,493-23-63943,2024-08-02,카드,병원
2024-12-18,M265,28223,0,0,0 일시불,0,온누리약국,331-39-68160,2025-01-09,카드,온라인쇼핑
2024-01-23,M265,1480,0,0,0 일시불,0,파리바게뜨,715-31-80871,2024-02-04,카드,대중교통
2024-07-02,M265,44442,0,0,0 일시불,0,서울대학병원,668-88-69811,2024-08-09,카드,온라인쇼핑
2024-03-04,M265,17986,0,0,0 일시불,0,서울대학병원,510-88-71958,2024-04-05,카드,공연/영화
2024-08-30,M265,41288,0,0,0 일시불,0,쿠팡,147-89-95612,2024-09-10,카드,온라인쇼핑
2024-07-29,M265,34672,0,0,0 일시불,0,GS25 편의점,238-12-50120,2024-08-09,카드,음식점
2024-01-20,M265,7720,0,0,0 일시불,0,현금영수증_피트니스,156-49-89469,2024-02-05,카드,전통시장
2024-08-28,M265,29364,0,0,0 일시불,0,파리바게뜨,115-32-76690,2024-09-04,카드,전통시장
2024-08-08,M265,45653,0,0,0 일시불,0,쿠팡,877-57-76793,2024-09-10,카드,온라인쇼핑
2024-06-28,M265,14087,0,0,0 일시불,0,맥도날드,400-76-20538,2024-07-08,카드,음식점
2024-06-08,M265,30653,0,0,0 일시불,0,전통시장 수산물,861-70-72918,2024-07-09,체크카드,직불/선불카드
2024-07-16,M265,15203,0,0,0 일시불,0,맥도날드,965-42-81717,2024-08-04,카드,전통시장
2024-12-17,M265,14659,0,0,0 일시불,0,현대서점,744-86-64017,2025-01-06,카드,대중교통
2024-11-03,M265,11075,0,0,0 일시불,0,지하철,187-66-84867,2024-12-03,카드,신용카드
2024-05-15,M265,14370,0,0,0 일시불,0,영화관 CGV,188-96-62075,2024-06-06,카드,도서/신문
2024-05-09,M265,36968,0,0,0 일시불,0,전통시장 김밥집,479-36-61376,2024-06-01,체크카드,직불/선불카드
2024-07-24,M265,4270,0,0,0 일시불,0,현금영수증_피트니스,807-41-68922,2024-08-10,카드,대중교통
2024-11-13,M265,1734,0,0,0 일시불,0,현금영수증_병원,958-86-90420,2024-12-02,카드,대중교통
2024-06-03,M265,27721,0,0,0 일시불,0,베스킨라빈스,460-96-30515,2024-07-02,카드,병원
2024-11-21,M265,29163,0,0,0 일시불,0,SK주유소,194-38-13396,2024-12-03,카드,도서/신문
2024-09-12,M265,5231,0,0,0 일시불,0,카카오택시,668-51-18887,2024-10-06,카드,카페
2024-06-29,M265,1790,0,0,0 일시불,0,스타벅스,377-13-66156,2024-07-04,카드,온라인쇼핑
2024-12-07,M265,30766,0,0,0 일시불,0,이마트,139-27-40720,2025-01-07,카드,주유
2024-12-04,M265,29576,0,0,0 일시불,0,전통시장 수산물,530-13-67384,2025-01-10,카드,전통시장
2024-03-01,M265,7759,0,0,0 일시불,0,현대서점,293-20-73641,2024-04-05,카드,신용카드
2024-09-15,M265,44662,0,0,0 일시불,0,온누리약국,700-31-72975,2024-10-01,카드,주유
2024-03-20,M265,32948,0,0,0 일시불,0,카카오택시,669-50-46550,2024-04-04,카드,주유
2024-11-14,M265,29475,0,0,0 일시불,0,현금영수증_병원,805-14-25854,2024-12-01,카드,음식점
2024-07-18,M265,48073,0,0,0 일시불,0,지하철,251-68-68281,2024-08-04,카드,도서/신문
2024-06-22,M265,29426,0,0,0 일시불,0,카카오택시,279-73-17163,2024-07-06,카드,병원
2024-08-24,M265,13169,0,0,0 일시불,0,스타벅스,485-65-37588,2024-09-04,카드,신용카드
2024-08-16,M265,41980,0,0,0 일시불,0,카카오택시,535-49-12057,2024-09-02,카드,약국
2024-01-24,M265,19563,0,0,0 일시불,0,파리바게뜨,913-33-15588,2024-02-04,카드,카페
2024-06-18,M265,26423,0,0,0 일시불,0,영화관 CGV,501-65-79173,2024-07-05,카드,병원
2024-02-05,M265,7353,0,0,0 일시불,0,파리바게뜨,888-20-67323,2024-03-09,카드,카페
2024-01-11,M265,36493,0,0,0 일시불,0,베스킨라빈스,822-41-31002,2024-02-02,카드,음식점
2024-03-26,M265,39046,0,0,0 일시불,0,스타벅스,890-71-62502,2024-04-05,체크카드,직불/선불카드
2024-01-13,M265,22651,0,0,0 일시불,0,SK주유소,632-52-44257,2024-02-03,카드,도서/신문
2024-02-29,M265,46044,0,0,0 일시불,0,영화관 CGV,804-87-49915,2024-03-03,체크카드,직불/선불카드
2024-04-30,M265,20625,0,0,0 일시불,0,현대서점,362-72-70007,2024-05-05,카드,도서/신문
2024-10-17,M265,29911,0,0,0 일시불,0,이마트,560-49-78305,2024-11-01,카드,신용카드
2024-03-11,M265,13446,0,0,0 일시불,0,이마트,454-35-35630,2024-04-07,카드,병원
2024-03-09,M265,17932,0,0,0 일시불,0,GS25 편의점,678-43-40806,2024-04-01,카드,대중교통
2024-05-23,M265,35548,0,0,0 일시불,0,현대서점,629-25-58293,2024-06-02,카드,카페
2024-03-05,M265,41695,0,0,0 일시불,0,베스킨라빈스,150-71-25183,2024-04-07,카드,카페
2024-06-01,M265,33719,0,0,0 일시불,0,지하철,447-89-55952,2024-07-04,체크카드,직불/선불카드
2024-07-19,M265,28379,0,0,0 일시불,0,전통시장 김밥집,140-91-42287,2024-08-02,카드,약국
2024-11-21,M265,43292,0,0,0 일시불,0,쿠팡,770-41-55907,2024-12-07,카드,도서/신문
2024-05-29,M265,49126,0,0,0 일시불,0,서울대학병원,208-21-50978,2024-06-08,카드,카페
2024-06-13,M265,8191,0,0,0 일시불,0,GS25 편의점,965-44-65407,2024-07-04,카드,대중교통
2024-02-16,M265,36325,0,0,0 일시불,0,SK주유소,330-45-79789,2024-03-03,카드,음식점
2024-03-06,M265,22475,0,0,0 일시불,0,현금영수증_피트니스,662-77-67757,2024-04-02,카드,신용카드
2024-08-04,M265,44786,0,0,0 일시불,0,영화관 CGV,805-56-37900,2024-09-09,카드,공연/영화
2024-06-17,M265,12946,0,0,0 일시불,0,이마트,662-49-23287,2024-07-08,카드,음식점
2024-01-31,M265,12931,0,0,0 일시불,0,온누리약국,843-29-78417,2024-02-03,체크카드,직불/선불카드
2024-09-30,M265,13168,0,0,0 일시불,0,현대서점,385-33-28396,2024-10-08,카드,병원
2024-08-19,M265,18894,0,0,0 일시불,0,파리바게뜨,890-53-89787,2024-09-08,카드,카페
2024-08-23,M265,33600,0,0,0 일시불,0,맥도날드,287-34-30652,2024-09-05,카드,주유
2024-11-11,M265,43289,0,0,0 일시불,0,지하철,590-38-64941,2024-12-02,카드,전통시장
2024-08-08,M265,45273,0,0,0 일시불,0,GS25 편의점,857-29-69592,2024-09-10,카드,주유
2024-01-22,M265,11221,0,0,0 일시불,0,현금영수증_병원,177-23-33361,2024-02-05,카드,카페
2024-07-13,M265,27083,0,0,0 일시불,0,성남버스,528-78-25897,2024-08-04,카드,카페
2024-11-23,M265,38413,0,0,0 일시불,0,베스킨라빈스,174-55-57920,2024-12-09,체크카드,직불/선불카드
2024-08-31,M265,28024,0,0,0 일시불,0,현금영수증_병원,773-91-79793,2024-09-08,현금영수증,현금영수증
2024-12-09,M265,8209,0,0,0 일시불,0,전통시장 김밥집,741-91-92807,2025-01-08,카드,신용카드
2024-07-29,M265,10770,0,0,0 일시불,0,전통시장 수산물,225-97-63534,2024-08-03,카드,병원
2024-07-14,M265,30435,0,0,0 일시불,0,맥도날드,679-46-86536,2024-08-08,카드,약국
2024-06-27,M265,6457,0,0,0 일시불,0,전통시장 김밥집,334-22-95856,2024-07-02,카드,온라인쇼핑
2024-06-13,M265,30396,0,0,0 일시불,0,온누리약국,463-19-73249,2024-07-01,카드,음식점
2024-02-12,M265,29048,0,0,0 일시불,0,전통시장 김밥집,650-97-74206,2024-03-07,카드,대중교통
2024-07-01,M265,18340,0,0,0 일시불,0,베스킨라빈스,787-40-23460,2024-08-06,카드,도서/신문
2024-10-05,M265,11168,0,0,0 일시불,0,교보문고,766-29-33347,2024-11-08,카드,카페
2024-08-11,M265,18309,0,0,0 일시불,0,GS25 편의점,340-48-84631,2024-09-08,카드,병원
2024-07-21,M265,4091,0,0,0 일시불,0,지하철,116-78-28504,2024-08-05,카드,전통시장
2024-05-22,M265,42325,0,0,0 일시불,0,이마트,256-22-70459,2024-06-09,카드,대중교통
2024-07-02,M265,14704,0,0,0 일시불,0,서울대학병원,816-55-14341,2024-08-08,카드,도서/신문
2024-08-21,M265,1237,0,0,0 일시불,0,스타벅스,867-44-95591,2024-09-07,카드,공연/영화
2024-05-21,M265,1928,0,0,0 일시불,0,스타벅스,132-49-17883,2024-06-02,카드,약국
2024-11-18,M265,44094,0,0,0 일시불,0,이마트,545-67-46126,2024-12-04,카드,약국
2024-01-19,M265,31091,0,0,0 일시불,0,현금영수증_병원,449-45-56470,2024-02-06,카드,신용카드
2024-02-07,M265,48132,0,0,0 일시불,0,지하철,499-20-24554,2024-03-05,카드,전통시장
2024-11-11,M265,49217,0,0,0 일시불,0,온누리약국,681-34-75035,2024-12-02,카드,카페
2024-04-12,M265,42300,0,0,0 일시불,0,쿠팡,480-49-84704,2024-05-10,체크카드,직불/선불카드
2024-01-26,M265,40928,0,0,0 일시불,0,파리바게뜨,761-99-34582,2024-02-04,카드,병원
2024-09-17,M265,36601,0,0,0 일시불,0,지하철,567-58-48037,2024-10-01,카드,공연/영화
2024-03-18,M265,20313,0,0,0 일시불,0,현금영수증_병원,784-75-56760,2024-04-07,카드,약국
2024-11-01,M265,20879,0,0,0 일시불,0,파리바게뜨,286-68-22368,2024-12-07,카드,주유
2024-08-26,M265,9116,0,0,0 일시불,0,온누리약국,112-40-99623,2024-09-04,카드,음식점
2024-05-17,M265,7338,0,0,0 일시불,0,베스킨라빈스,368-29-71389,2024-06-03,카드,주유
2024-07-23,M265,10375,0,0,0 일시불,0,스타벅스,959-39-70108,2024-08-04,카드,약국
2024-08-17,M265,13733,0,0,0 일시불,0,맥도날드,219-18-39842,2024-09-05,카드,병원
2024-04-15,M265,45695,0,0,0 일시불,0,교보문고,200-88-28772,2024-05-07,카드,음식점
2024-10-09,M265,7366,0,0,0 일시불,0,카카오택시,786-93-38070,2024-11-08,카드,음식점
2024-04-15,M265,45408,0,0,0 일시불,0,현대서점,111-15-79784,2024-05-03,체크카드,직불/선불카드
2024-10-26,M265,43046,0,0,0 일시불,0,GS25 편의점,692-85-69730,2024-11-04,카드,신용카드
2024-01-24,M265,4852,0,0,0 일시불,0,맥도날드,481-10-17582,2024-02-01,체크카드,직불/선불카드
2024-12-14,M265,38486,0,0,0 일시불,0,베스킨라빈스,319-94-84046,2025-01-10,카드,공연/영화
2024-06-25,M265,2496,0,0,0 일시불,0,전통시장 김밥집,815-83-41273,2024-07-03,카드,약국
2024-04-17,M265,26959,0,0,0 일시불,0,GS25 편의점,818-11-89145,2024-05-09,카드,약국
2024-09-04,M265,13497,0,0,0 일시불,0,지하철,955-45-44867,2024-10-01,카드,카페
2024-12-06,M265,2679,0,0,0 일시불,0,지하철,783-21-86341,2025-01-01,카드,약국
2024-03-22,M265,43296,0,0,0 일시불,0,베스킨라빈스,103-44-83958,2024-04-08,카드,온라인쇼핑
2024-03-26,M265,31899,0,0,0 일시불,0,전통시장 수산물,407-65-11882,2024-04-07,카드,전통시장
2024-03-20,M265,29949,0,0,0 일시불,0,맥도날드,241-11-62844,2024-04-04,카드,약국
2024-11-21,M265,14177,0,0,0 일시불,0,현금영수증_병원,274-87-77586,2024-12-08,카드,주유
2024-10-06,M265,47455,0,0,0 일시불,0,지하철,185-75-91816,2024-11-05,카드,공연/영화
2024-10-16,M265,14039,0,0,0 일시불,0,맥도날드,135-56-90957,2024-11-04,카드,음식점
2024-10-17,M265,17195,0,0,0 일시불,0,온누리약국,751-14-92053,2024-11-10,카드,대중교통
2024-03-16,M265,20935,0,0,0 일시불,0,현금영수증_병원,487-63-79880,2024-04-08,카드,도서/신문
2024-12-19,M265,35216,0,0,0 일시불,0,현금영수증_피트니스,393-98-79556,2025-01-10,카드,공연/영화
2024-04-10,M265,46266,0,0,0 일시불,0,SK주유소,418-11-51857,2024-05-05,카드,온라인쇼핑
2024-03-12,M265,8940,0,0,0 일시불,0,파리바게뜨,563-76-77438,2024-04-04,카드,온라인쇼핑
2024-09-24,M265,41863,0,0,0 일시불,0,SK주유소,402-86-19676,2024-10-07,카드,약국
2024-01-17,M265,23737,0,0,0 일시불,0,현금영수증_피트니스,659-31-79485,2024-02-10,카드,신용카드
2024-07-08,M265,37152,0,0,0 일시불,0,GS25 편의점,833-38-77883,2024-08-10,카드,도서/신문
2024-05-22,M265,4845,0,0,0 일시불,0,영화관 CGV,585-31-71768,2024-06-05,카드,카페
2024-03-19,M265,32078,0,0,0 일시불,0,전통시장 수산물,433-61-35419,2024-04-07,카드,전통시장
2024-06-17,M265,18854,0,0,0 일시불,0,파리바게뜨,267-74-98418,2024-07-06,카드,병원
2024-12-02,M265,47529,0,0,0 일시불,0,현금영수증_병원,155-40-29761,2025-01-09,카드,병원
2024-07-09,M265,26037,0,0,0 일시불,0,전통시장 김밥집,575-92-74501,2024-08-08,체크카드,직불/선불카드
2024-12-19,M265,18415,0,0,0 일시불,0,교보문고,466-37-96762,2025-01-02,카드,약국
2024-10-26,M265,29767,0,0,0 일시불,0,서울대학병원,191-33-68788,2024-11-08,카드,음식점
2024-03-10,M265,1128,0,0,0 일시불,0,현대서점,496-90-78339,2024-04-02,카드,도서/신문
2024-06-20,M265,37211,0,0,0 일시불,0,전통시장 김밥집,494-60-75365,2024-07-09,카드,온라인쇼핑
2024-05-22,M265,46676,0,0,0 일시불,0,지하철,874-42-29155,2024-06-02,카드,약국
2024-06-30,M265,24536,0,0,0 일시불,0,전통시장 수산물,863-30-68775,2024-07-06,체크카드,직불/선불카드
2024-08-09,M265,3929,0,0,0 일시불,0,현금영수증_병원,542-72-28665,2024-09-10,카드,도서/신문
2024-10-19,M265,1374,0,0,0 일시불,0,영화관 CGV,166-19-71221,2024-11-10,카드,카페
2024-03-14,M265,31823,0,0,0 일시불,0,베스킨라빈스,969-82-32947,2024-04-10,카드,대중교통
2024-06-10,M265,38057,0,0,0 일시불,0,이마트,446-62-59971,2024-07-09,카드,온라인쇼핑
2024-03-26,M265,7175,0,0,0 일시불,0,서울대학병원,567-66-79229,2024-04-09,카드,약국
2024-12-28,M265,26828,0,0,0 일시불,0,이마트,477-47-76938,2025-01-06,카드,신용카드
2024-11-15,M265,19918,0,0,0 일시불,0,이마트,741-85-73742,2024-12-01,카드,온라인쇼핑
2024-01-07,M265,45313,0,0,0 일시불,0,카카오택시,396-94-50015,2024-02-01,카드,병원
2024-01-13,M265,41178,0,0,0 일시불,0,전통시장 김밥집,774-72-60762,2024-02-07,카드,병원
2024-10-03,M265,21909,0,0,0 일시불,0,파리바게뜨,254-74-85469,2024-11-07,카드,카페
2024-01-30,M265,34004,0,0,0 일시불,0,이마트,950-32-69947,2024-02-09,카드,병원
2024-03-06,M265,46932,0,0,0 일시불,0,지하철,741-98-91316,2024-04-02,카드,공연/영화
2024-03-12,M265,44132,0,0,0 일시불,0,현대서점,761-12-29611,2024-04-04,카드,전통시장
2024-11-29,M265,32620,0,0,0 일시불,0,이마트,110-98-62889,2024-12-07,체크카드,직불/선불카드
2024-08-14,M265,38169,0,0,0 일시불,0,성남버스,837-39-50626,2024-09-05,카드,약국
2024-05-15,M265,23556,0,0,0 일시불,0,현금영수증_병원,712-57-53649,2024-06-04,카드,음식점
2024-09-27,M265,19933,0,0,0 일시불,0,성남버스,339-60-27392,2024-10-02,카드,신용카드
2024-10-21,M265,46644,0,0,0 일시불,0,파리바게뜨,306-32-63012,2024-11-10,카드,전통시장
2024-11-29,M265,39046,0,0,0 일시불,0,성남버스,362-13-90267,2024-12-09,카드,전통시장
2024-05-31,M265,37282,0,0,0 일시불,0,온누리약국,393-11-36165,2024-06-03,카드,카페
2024-04-14,M265,49270,0,0,0 일시불,0,성남버스,642-47-61912,2024-05-10,카드,도서/신문
2024-02-13,M265,2695,0,0,0 일시불,0,베스킨라빈스,698-53-78639,2024-03-10,카드,주유
2024-08-25,M265,20702,0,0,0 일시불,0,이마트,548-15-20075,2024-09-06,체크카드,직불/선불카드
2024-06-24,M265,20000,0,0,0 일시불,0,지하철,130-20-16787,2024-07-05,카드,전통시장
2024-05-06,M265,41178,0,0,0 일시불,0,스타벅스,528-30-40835,2024-06-03,카드,공연/영화
2024-08-09,M265,33296,0,0,0 일시불,0,스타벅스,317-43-83358,2024-09-10,카드,대중교통
2024-10-06,M265,20305,0,0,0 일시불,0,파리바게뜨,471-21-89484,2024-11-03,카드,대중교통
2024-12-04,M265,27097,0,0,0 일시불,0,지하철,544-92-32275,2025-01-07,카드,병원
2024-09-24,M265,7557,0,0,0 일시불,0,GS25 편의점,127-98-67433,2024-10-04,카드,대중교통
2024-11-26,M265,2301,0,0,0 일시불,0,전통시장 수산물,521-61-91545,2024-12-01,카드,병원
2024-08-30,M265,6374,0,0,0 일시불,0,파리바게뜨,484-55-20764,2024-09-06,체크카드,직불/선불카드
2024-12-11,M265,7516,0,0,0 일시불,0,이마트,751-77-92314,2025-01-06,카드,카페
2024-02-25,M265,34161,0,0,0 일시불,0,SK주유소,842-86-24861,2024-03-05,카드,병원
2024-05-14,M265,15798,0,0,0 일시불,0,영화관 CGV,104-77-11750,2024-06-04,카드,공연/영화
2024-09-07,M265,25107,0,0,0 일시불,0,스타벅스,325-74-31654,2024-10-10,카드,온라인쇼핑
2024-04-02,M265,13424,0,0,0 일시불,0,카카오택시,533-99-96414,2024-05-01,카드,병원
2024-12-18,M265,31366,0,0,0 일시불,0,전통시장 김밥집,519-68-89619,2025-01-04,카드,온라인쇼핑
2024-07-26,M265,40760,0,0,0 일시불,0,전통시장 김밥집,900-86-88697,2024-08-01,카드,공연/영화
2024-10-05,M265,17430,0,0,0 일시불,0,카카오택시,175-92-36321,2024-11-03,카드,주유
2024-06-14,M265,8138,0,0,0 일시불,0,스타벅스,511-12-68199,2024-07-06,카드,전통시장
2024-08-07,M265,32817,0,0,0 일시불,0,현대서점,653-43-27310,2024-09-06,카드,신용카드
2024-05-08,M265,18763,0,0,0 일시불,0,교보문고,158-91-40789,2024-06-04,카드,도서/신문
2024-11-05,M265,29720,0,0,0 일시불,0,온누리약국,628-73-60920,2024-12-02,카드,주유
2024-11-24,M265,42768,0,0,0 일시불,0,온누리약국,412-53-29725,2024-12-10,체크카드,직불/선불카드
2024-01-07,M265,19203,0,0,0 일시불,0,이마트,173-46-43153,2024-02-07,카드,주유
2024-07-11,M265,11738,0,0,0 일시불,0,베스킨라빈스,299-83-94759,2024-08-10,카드,주유
2024-10-17,M265,32216,0,0,0 일시불,0,GS25 편의점,313-66-17856,2024-11-09,카드,전통시장
2024-08-29,M265,6065,0,0,0 일시불,0,카카오택시,575-79-19769,2024-09-02,카드,공연/영화
2024-12-07,M265,28391,0,0,0 일시불,0,교보문고,226-50-63310,2025-01-09,카드,주유
2024-07-24,M265,20833,0,0,0 일시불,0,전통시장 김밥집,404-74-13523,2024-08-07,체크카드,직불/선불카드
2024-10-05,M265,10158,0,0,0 일시불,0,맥도날드,304-25-98612,2024-11-08,카드,주유
2024-07-18,M265,17123,0,0,0 일시불,0,파리바게뜨,112-80-40044,2024-08-08,카드,약국
2024-11-24,M265,45233,0,0,0 일시불,0,SK주유소,798-77-88670,2024-12-04,카드,전통시장
2024-01-19,M265,25752,0,0,0 일시불,0,스타벅스,195-93-38228,2024-02-09,카드,약국
2024-02-28,M265,34474,0,0,0 일시불,0,이마트,891-14-50747,2024-03-04,카드,대중교통
2024-06-17,M265,25276,0,0,0 일시불,0,지하철,596-86-46244,2024-07-03,카드,도서/신문
2024-08-13,M265,43388,0,0,0 일시불,0,GS25 편의점,295-15-88559,2024-09-02,카드,음식점
2024-07-13,M265,42547,0,0,0 일시불,0,맥도날드,863-76-40887,2024-08-01,카드,전통시장
2024-06-06,M265,44401,0,0,0 일시불,0,현대서점,478-52-76900,2024-07-06,카드,신용카드
2024-06-29,M265,35259,0,0,0 일시불,0,베스킨라빈스,669-17-76896,2024-07-04,카드,주유
2024-09-04,M265,19671,0,0,0 일시불,0,SK주유소,725-59-38337,2024-10-05,카드,온라인쇼핑
2024-10-24,M265,2983,0,0,0 일시불,0,SK주유소,981-46-70486,2024-11-02,체크카드,직불/선불카드
2024-01-26,M265,23249,0,0,0 일시불,0,지하철,894-77-73250,2024-02-01,카드,도서/신문
2024-12-31,M265,18579,0,0,0 일시불,0,성남버스,919-83-73653,2025-01-06,카드,전통시장
2024-04-16,M265,19063,0,0,0 일시불,0,베스킨라빈스,641-76-51259,2024-05-08,카드,병원
2024-02-09,M265,33573,0,0,0 일시불,0,현금영수증_피트니스,422-77-14060,2024-03-04,카드,온라인쇼핑
2024-12-21,M265,12634,0,0,0 일시불,0,교보문고,214-41-71598,2025-01-06,카드,신용카드
2024-05-25,M265,11320,0,0,0 일시불,0,GS25 편의점,628-96-15616,2024-06-04,체크카드,직불/선불카드
2024-04-06,M265,44458,0,0,0 일시불,0,스타벅스,635-88-12290,2024-05-07,카드,주유
2024-04-05,M265,29796,0,0,0 일시불,0,영화관 CGV,771-84-56972,2024-05-10,카드,약국
2024-07-10,M265,1493,0,0,0 일시불,0,지하철,949-93-43851,2024-08-08,카드,온라인쇼핑
2024-12-16,M265,36808,0,0,0 일시불,0,지하철,238-15-98640,2025-01-08,카드,음식점
2024-02-20,M265,44406,0,0,0 일시불,0,온누리약국,980-12-10051,2024-03-09,카드,도서/신문
2024-12-30,M265,27911,0,0,0 일시불,0,맥도날드,834-16-21229,2025-01-07,카드,신용카드
2024-11-18,M265,39111,0,0,0 일시불,0,파리바게뜨,444-39-19201,2024-12-01,카드,공연/영화
2024-01-27,M265,42683,0,0,0 일시불,0,지하철,995-31-85439,2024-02-07,카드,공연/영화
2024-03-02,M265,12625,0,0,0 일시불,0,전통시장 수산물,279-63-25106,2024-04-08,카드,약국
2024-06-05,M265,13199,0,0,0 일시불,0,현금영수증_피트니스,757-94-48416,2024-07-10,카드,공연/영화
2024-08-14,M265,48962,0,0,0 일시불,0,지하철,220-35-83351,2024-09-10,체크카드,직불/선불카드
2024-11-19,M265,47467,0,0,0 일시불,0,현대서점,320-82-91733,2024-12-10,카드,주유
2024-12-29,M265,17222,0,0,0 일시불,0,이마트,835-96-39602,2025-01-04,카드,공연/영화
2024-12-04,M265,9209,0,0,0 일시불,0,서울대학병원,746-41-42406,2025-01-02,카드,병원
2024-11-16,M265,26936,0,0,0 일시불,0,카카오택시,204-85-38184,2024-12-10,카드,카페
2024-03-20,M265,20394,0,0,0 일시불,0,파리바게뜨,375-71-30761,2024-04-09,카드,병원
2024-10-07,M265,34492,0,0,0 일시불,0,전통시장 김밥집,859-93-59209,2024-11-02,체크카드,직불/선불카드
2024-04-09,M265,14036,0,0,0 일시불,0,현대서점,374-19-51589,2024-05-04,카드,온라인쇼핑
2024-07-31,M265,9043,0,0,0 일시불,0,성남버스,310-90-57102,2024-08-07,카드,대중교통
2024-12-06,M265,30584,0,0,0 일시불,0,서울대학병원,294-29-41789,2025-01-05,카드,카페
2024-03-06,M265,19079,0,0,0 일시불,0,맥도날드,622-47-44347,2024-04-04,카드,공연/영화
2024-12-27,M265,17272,0,0,0 일시불,0,교보문고,112-36-28742,2025-01-10,카드,대중교통
2024-04-29,M265,23598,0,0,0 일시불,0,현금영수증_병원,377-95-54050,2024-05-09,카드,대중교통
2024-05-06,M265,26785,0,0,0 일시불,0,현금영수증_피트니스,704-72-88033,2024-06-01,카드,음식점
2024-10-30,M265,22923,0,0,0 일시불,0,맥도날드,779-34-77011,2024-11-10,카드,신용카드
2024-09-02,M265,15758,0,0,0 일시불,0,현금영수증_피트니스,366-61-98612,2024-10-03,카드,온라인쇼핑
2024-12-25,M265,9890,0,0,0 일시불,0,지하철,290-24-31621,2025-01-07,카드,주유
2024-04-05,M265,44280,0,0,0 일시불,0,서울대학병원,769-45-52058,2024-05-08,카드,도서/신문
2024-01-03,M265,25763,0,0,0 일시불,0,스타벅스,193-45-73767,2024-02-01,카드,신용카드
2024-05-02,M265,27101,0,0,0 일시불,0,SK주유소,816-62-96182,2024-06-04,카드,약국
2024-05-05,M265,23511,0,0,0 일시불,0,쿠팡,943-24-67849,2024-06-01,카드,카페
2024-08-15,M265,46683,0,0,0 일시불,0,베스킨라빈스,463-62-78577,2024-09-03,체크카드,직불/선불카드
2024-08-01,M265,44545,0,0,0 일시불,0,성남버스,149-24-76096,2024-09-09,카드,주유
2024-03-30,M265,20025,0,0,0 일시불,0,현금영수증_피트니스,791-59-91938,2024-04-08,카드,음식점
2024-02-28,M265,38850,0,0,0 일시불,0,온누리약국,941-14-23659,2024-03-06,카드,온라인쇼핑
2024-11-22,M265,42971,0,0,0 일시불,0,성남버스,582-19-33315,2024-12-01,카드,온라인쇼핑
2024-08-29,M265,17674,0,0,0 일시불,0,GS25 편의점,688-57-81733,2024-09-09,카드,신용카드
2024-07-03,M265,35853,0,0,0 일시불,0,파리바게뜨,434-96-54405,2024-08-04,카드,온라인쇼핑
2024-08-09,M265,22358,0,0,0 일시불,0,전통시장 수산물,335-66-31817,2024-09-09,체크카드,직불/선불카드
2024-09-29,M265,24064,0,0,0 일시불,0,지하철,143-13-63795,2024-10-02,카드,병원
2024-06-24,M265,23759,0,0,0 일시불,0,성남버스,653-31-83731,2024-07-04,카드,공연/영화
2024-06-02,M265,22538,0,0,0 일시불,0,GS25 편의점,183-38-62089,2024-07-05,카드,카페
2024-01-15,M265,12363,0,0,0 일시불,0,현금영수증_병원,847-48-91388,2024-02-09,카드,주유
2024-09-05,M265,48847,0,0,0 일시불,0,카카오택시,427-66-44203,2024-10-01,카드,도서/신문
2024-04-05,M265,33083,0,0,0 일시불,0,스타벅스,117-26-82714,2024-05-05,카드,음식점
2024-08-04,M265,6486,0,0,0 일시불,0,서울대학병원,422-85-59117,2024-09-03,체크카드,직불/선불카드
2024-08-20,M265,16032,0,0,0 일시불,0,파리바게뜨,434-55-25809,2024-09-06,카드,병원
2024-12-18,M265,12142,0,0,0 일시불,0,쿠팡,536-88-78975,2025-01-03,카드,전통시장
2024-09-01,M265,6406,0,0,0 일시불,0,GS25 편의점,187-17-84800,2024-10-01,카드,병원
2024-08-11,M265,28599,0,0,0 일시불,0,서울대학병원,230-46-64929,2024-09-07,카드,카페
2024-01-19,M265,30134,0,0,0 일시불,0,현대서점,568-29-76894,2024-02-04,카드,신용카드
2024-09-28,M265,11134,0,0,0 일시불,0,맥도날드,530-19-49980,2024-10-05,카드,신용카드
2024-03-02,M265,9466,0,0,0 일시불,0,GS25 편의점,245-75-39587,2024-04-05,카드,카페
2024-03-10,M265,49856,0,0,0 일시불,0,베스킨라빈스,290-78-37913,2024-04-09,카드,도서/신문
2024-08-31,M265,49692,0,0,0 일시불,0,스타벅스,611-18-96119,2024-09-01,카드,대중교통
2024-05-10,M265,35406,0,0,0 일시불,0,성남버스,157-53-65537,2024-06-01,카드,온라인쇼핑
2024-01-27,M265,1531,0,0,0 일시불,0,현금영수증_병원,462-79-23744,2024-02-03,카드,대중교통
2024-08-19,M265,44577,0,0,0 일시불,0,베스킨라빈스,718-20-27836,2024-09-06,카드,신용카드
2024-10-09,M265,28626,0,0,0 일시불,0,맥도날드,677-32-20436,2024-11-08,카드,신용카드
2024-09-20,M265,31160,0,0,0 일시불,0,지하철,103-11-99915,2024-10-08,카드,도서/신문
2024-09-01,M265,7745,0,0,0 일시불,0,영화관 CGV,351-74-66101,2024-10-01,카드,온라인쇼핑
2024-04-26,M265,34282,0,0,0 일시불,0,쿠팡,682-77-93965,2024-05-07,카드,카페
2024-01-23,M265,37801,0,0,0 일시불,0,영화관 CGV,990-41-95132,2024-02-08,카드,온라인쇼핑
2024-08-07,M265,30331,0,0,0 일시불,0,지하철,526-99-81294,2024-09-01,카드,주유
2024-04-21,M265,18041,0,0,0 일시불,0,서울대학병원,554-72-18765,2024-05-01,카드,전통시장
2024-07-12,M265,11284,0,0,0 일시불,0,SK주유소,344-37-78114,2024-08-03,카드,병원
2024-05-24,M265,41652,0,0,0 일시불,0,서울대학병원,619-62-59345,2024-06-01,카드,약국
2024-10-07,M265,17251,0,0,0 일시불,0,이마트,758-95-52920,2024-11-03,카드,약국
2024-06-29,M265,41707,0,0,0 일시불,0,서울대학병원,585-38-60762,2024-07-09,카드,음식점
2024-10-21,M265,28802,0,0,0 일시불,0,쿠팡,270-95-78729,2024-11-10,카드,주유
2024-01-24,M265,4466,0,0,0 일시불,0,지하철,181-21-12593,2024-02-09,카드,전통시장
2024-02-26,M265,38612,0,0,0 일시불,0,SK주유소,174-13-93377,2024-03-07,카드,온라인쇼핑
2024-07-29,M265,16613,0,0,0 일시불,0,SK주유소,550-82-36986,2024-08-09,카드,주유
2024-04-24,M265,25105,0,0,0 일시불,0,교보문고,161-42-69788,2024-05-06,카드,병원
2024-03-23,M265,16041,0,0,0 일시불,0,SK주유소,908-52-91930,2024-04-02,카드,공연/영화
2024-01-03,M265,20026,0,0,0 일시불,0,이마트,141-44-19717,2024-02-02,카드,공연/영화
2024-04-22,M265,34513,0,0,0 일시불,0,영화관 CGV,221-16-75661,2024-05-07,카드,신용카드
2024-10-19,M265,38559,0,0,0 일시불,0,전통시장 김밥집,350-67-71369,2024-11-10,카드,카페
2024-11-26,M265,40128,0,0,0 일시불,0,베스킨라빈스,486-72-14473,2024-12-02,카드,공연/영화
2024-09-27,M265,44423,0,0,0 일시불,0,맥도날드,333-23-49337,2024-10-06,카드,병원
2024-02-22,M265,42276,0,0,0 일시불,0,전통시장 수산물,983-74-34543,2024-03-03,카드,공연/영화
2024-10-28,M265,8285,0,0,0 일시불,0,베스킨라빈스,583-85-59515,2024-11-08,체크카드,직불/선불카드
2024-05-25,M265,31498,0,0,0 일시불,0,현금영수증_피트니스,940-33-51304,2024-06-07,카드,음식점
2024-06-22,M265,7162,0,0,0 일시불,0,서울대학병원,683-26-57077,2024-07-06,카드,대중교통
2024-11-01,M265,48883,0,0,0 일시불,0,전통시장 김밥집,737-89-93035,2024-12-10,카드,약국
2024-01-11,M265,30780,0,0,0 일시불,0,서울대학병원,564-67-67265,2024-02-05,카드,주유
2024-04-07,M265,12738,0,0,0 일시불,0,쿠팡,124-80-92695,2024-05-01,카드,공연/영화
2024-12-05,M265,44790,0,0,0 일시불,0,지하철,823-64-33093,2025-01-10,카드,온라인쇼핑
2024-10-18,M265,32651,0,0,0 일시불,0,현대서점,410-82-63619,2024-11-02,카드,온라인쇼핑
2024-04-07,M265,2202,0,0,0 일시불,0,현대서점,818-67-21837,2024-05-08,카드,병원
2024-01-15,M265,34245,0,0,0 일시불,0,교보문고,121-89-23079,2024-02-05,카드,약국
2024-05-10,M265,23742,0,0,0 일시불,0,서울대학병원,785-24-37829,2024-06-06,카드,온라인쇼핑
2024-03-04,M265,24355,0,0,0 일시불,0,GS25 편의점,879-41-33334,2024-04-05,카드,주유
2024-04-06,M265,17610,0,0,0 일시불,0,베스킨라빈스,569-17-27417,2024-05-10,카드,병원
2024-03-12,M265,32590,0,0,0 일시불,0,교보문고,341-79-71813,2024-04-07,카드,온라인쇼핑
2024-10-23,M265,44610,0,0,0 일시불,0,온누리약국,581-14-52251,2024-11-09,카드,대중교통
2024-12-18,M265,10107,0,0,0 일시불,0,현금영수증_병원,591-52-30158,2025-01-08,카드,카페
2024-08-02,M265,28765,0,0,0 일시불,0,지하철,551-88-32522,2024-09-10,체크카드,직불/선불카드
2024-10-25,M265,29822,0,0,0 일시불,0,영화관 CGV,469-49-41371,2024-11-02,카드,대중교통
2024-02-03,M265,12910,0,0,0 일시불,0,전통시장 수산물,935-16-19082,2024-03-09,카드,공연/영화
2024-07-04,M265,20527,0,0,0 일시불,0,GS25 편의점,816-52-16684,2024-08-04,체크카드,직불/선불카드
2024-07-15,M265,23523,0,0,0 일시불,0,전통시장 김밥집,261-34-93586,2024-08-01,카드,공연/영화
2024-08-22,M265,16180,0,0,0 일시불,0,SK주유소,913-43-46449,2024-09-05,카드,전통시장
2024-03-16,M265,17833,0,0,0 일시불,0,현대서점,124-72-74695,2024-04-10,카드,도서/신문
2024-01-19,M265,21335,0,0,0 일시불,0,스타벅스,806-80-59125,2024-02-05,카드,신용카드
2024-05-26,M265,4331,0,0,0 일시불,0,현대서점,410-80-86268,2024-06-03,카드,전통시장
2024-10-18,M265,1625,0,0,0 일시불,0,베스킨라빈스,220-37-64214,2024-11-01,카드,약국
2024-06-15,M265,18085,0,0,0 일시불,0,서울대학병원,678-40-89172,2024-07-02,카드,음식점
2024-09-21,M265,6012,0,0,0 일시불,0,이마트,464-83-59978,2024-10-10,카드,공연/영화
2024-04-20,M265,11716,0,0,0 일시불,0,온누리약국,979-82-66592,2024-05-08,카드,주유
2024-04-12,M265,24018,0,0,0 일시불,0,지하철,977-38-76788,2024-05-09,카드,주유
2024-04-14,M265,35852,0,0,0 일시불,0,온누리약국,802-16-51089,2024-05-07,체크카드,직불/선불카드
2024-01-02,M265,37474,0,0,0 일시불,0,카카오택시,779-23-30858,2024-02-05,카드,공연/영화
2024-03-18,M265,42101,0,0,0 일시불,0,카카오택시,675-67-20909,2024-04-05,카드,음식점
2024-01-27,M265,23569,0,0,0 일시불,0,파리바게뜨,301-74-37034,2024-02-01,카드,공연/영화
2024-02-05,M265,21841,0,0,0 일시불,0,온누리약국,903-56-90623,2024-03-06,카드,카페
2024-09-13,M265,46253,0,0,0 일시불,0,카카오택시,755-11-99156,2024-10-04,카드,도서/신문
2024-04-15,M265,49726,0,0,0 일시불,0,현금영수증_피트니스,928-28-96570,2024-05-03,카드,온라인쇼핑
2024-07-04,M265,26229,0,0,0 일시불,0,교보문고,497-84-15671,2024-08-06,카드,대중교통
2024-10-25,M265,42162,0,0,0 일시불,0,지하철,528-99-63004,2024-11-07,카드,공연/영화
2024-10-11,M265,16115,0,0,0 일시불,0,카카오택시,853-78-49907,2024-11-02,체크카드,직불/선불카드
2024-12-29,M265,48838,0,0,0 일시불,0,베스킨라빈스,192-17-75597,2025-01-02,체크카드,직불/선불카드
2024-12-08,M265,16720,0,0,0 일시불,0,스타벅스,841-32-32610,2025-01-05,카드,전통시장
2024-02-11,M265,31650,0,0,0 일시불,0,현금영수증_피트니스,225-97-81073,2024-03-02,카드,주유
2024-05-04,M265,47357,0,0,0 일시불,0,현금영수증_피트니스,148-10-15513,2024-06-06,체크카드,직불/선불카드
2024-02-24,M265,24762,0,0,0 일시불,0,현금영수증_병원,888-77-17455,2024-03-09,카드,온라인쇼핑
2024-09-22,M265,6872,0,0,0 일시불,0,지하철,967-34-10928,2024-10-05,카드,주유
2024-01-26,M265,48226,0,0,0 일시불,0,이마트,960-64-89071,2024-02-06,카드,주유
2024-08-14,M265,45799,0,0,0 일시불,0,이마트,830-39-28272,2024-09-01,카드,약국
2024-01-15,M265,1281,0,0,0 일시불,0,온누리약국,815-64-64553,2024-02-09,카드,약국
2024-11-30,M265,1765,0,0,0 일시불,0,베스킨라빈스,996-82-85170,2024-12-08,카드,전통시장
2024-05-13,M265,9532,0,0,0 일시불,0,스타벅스,407-86-19381,2024-06-10,카드,도서/신문
2024-08-08,M265,35286,0,0,0 일시불,0,카카오택시,943-75-60615,2024-09-09,카드,전통시장
2024-08-01,M265,20730,0,0,0 일시불,0,현금영수증_피트니스,403-85-20290,2024-09-07,카드,대중교통
2024-05-23,M265,15671,0,0,0 일시불,0,영화관 CGV,180-88-21316,2024-06-02,카드,대중교통
2024-03-17,M265,1123,0,0,0 일시불,0,성남버스,786-49-23842,2024-04-04,카드,대중교통
2024-12-22,M265,33415,0,0,0 일시불,0,영화관 CGV,765-69-58686,2025-01-09,카드,주유
2024-09-27,M265,17817,0,0,0 일시불,0,영화관 CGV,460-90-25553,2024-10-04,카드,도서/신문
2024-05-05,M265,48818,0,0,0 일시불,0,성남버스,905-43-82188,2024-06-07,카드,온라인쇼핑
2024-01-09,M265,20958,0,0,0 일시불,0,전통시장 수산물,134-22-56297,2024-02-02,카드,약국
2024-09-08,M265,4154,0,0,0 일시불,0,전통시장 수산물,146-48-92463,2024-10-10,카드,공연/영화
2024-04-14,M265,20422,0,0,0 일시불,0,SK주유소,404-53-23559,2024-05-09,카드,음식점
2024-06-08,M265,1827,0,0,0 일시불,0,현금영수증_피트니스,376-73-19021,2024-07-10,카드,공연/영화
2024-06-17,M265,41395,0,0,0 일시불,0,온누리약국,844-86-39268,2024-07-04,카드,전통시장
2024-04-05,M265,27012,0,0,0 일시불,0,쿠팡,373-92-41336,2024-05-08,카드,도서/신문
2024-08-09,M265,12788,0,0,0 일시불,0,파리바게뜨,742-12-69942,2024-09-04,카드,약국
2024-06-17,M265,21631,0,0,0 일시불,0,쿠팡,541-77-67189,2024-07-01,카드,음식점
2024-08-15,M265,41271,0,0,0 일시불,0,지하철,849-32-50833,2024-09-10,카드,대중교통
2024-04-04,M265,29479,0,0,0 일시불,0,카카오택시,944-64-53757,2024-05-03,카드,신용카드
2024-01-23,M265,9853,0,0,0 일시불,0,현금영수증_피트니스,549-87-82789,2024-02-02,카드,전통시장
2024-06-14,M265,19104,0,0,0 일시불,0,쿠팡,512-67-49598,2024-07-09,체크카드,직불/선불카드
2024-10-18,M265,34712,0,0,0 일시불,0,쿠팡,310-21-95054,2024-11-10,카드,주유
2024-01-04,M265,35084,0,0,0 일시불,0,파리바게뜨,765-46-19200,2024-02-05,카드,병원
2024-02-09,M265,22112,0,0,0 일시불,0,현대서점,555-24-97755,2024-03-07,카드,대중교통
2024-01-05,M265,30527,0,0,0 일시불,0,온누리약국,432-74-40767,2024-02-10,체크카드,직불/선불카드
2024-09-08,M265,31340,0,0,0 일시불,0,성남버스,813-50-91054,2024-10-01,카드,전통시장
2024-09-15,M265,31475,0,0,0 일시불,0,교보문고,859-96-16703,2024-10-06,카드,주유
2024-09-06,M265,37816,0,0,0 일시불,0,현금영수증_피트니스,742-65-12444,2024-10-06,카드,신용카드
2024-03-07,M265,10458,0,0,0 일시불,0,전통시장 김밥집,569-46-41716,2024-04-04,카드,카페
2024-08-29,M265,2701,0,0,0 일시불,0,지하철,116-82-26745,2024-09-06,카드,주유
2024-05-28,M265,17312,0,0,0 일시불,0,쿠팡,933-93-29436,2024-06-07,카드,온라인쇼핑
2024-04-07,M265,23716,0,0,0 일시불,0,파리바게뜨,903-38-43880,2024-05-09,카드,공연/영화
2024-09-19,M265,8032,0,0,0 일시불,0,현금영수증_병원,916-95-97029,2024-10-10,카드,전통시장
2024-06-01,M265,22557,0,0,0 일시불,0,이마트,643-48-71693,2024-07-02,카드,대중교통
2024-12-13,M265,16455,0,0,0 일시불,0,카카오택시,774-91-14323,2025-01-03,카드,전통시장
2024-04-30,M265,46257,0,0,0 일시불,0,스타벅스,169-95-40620,2024-05-10,카드,카페
2024-12-20,M265,20082,0,0,0 일시불,0,온누리약국,337-82-90555,2025-01-05,카드,공연/영화
2024-12-06,M265,17203,0,0,0 일시불,0,지하철,102-94-87086,2025-01-05,카드,병원
2024-05-14,M265,39543,0,0,0 일시불,0,카카오택시,460-34-11570,2024-06-09,카드,대중교통
2024-03-18,M265,5758,0,0,0 일시불,0,현금영수증_피트니스,435-61-98317,2024-04-05,카드,주유
2024-12-17,M265,25908,0,0,0 일시불,0,파리바게뜨,863-39-72328,2025-01-04,카드,약국
2024-05-28,M265,40998,0,0,0 일시불,0,현대서점,730-48-85993,2024-06-01,카드,신용카드
2024-05-26,M265,43602,0,0,0 일시불,0,영화관 CGV,219-47-49597,2024-06-02,카드,온라인쇼핑
2024-11-13,M265,49572,0,0,0 일시불,0,교보문고,460-92-79793,2024-12-02,카드,카페
2024-07-14,M265,40367,0,0,0 일시불,0,파리바게뜨,215-60-42089,2024-08-10,카드,대중교통
2024-08-03,M265,47667,0,0,0 일시불,0,현대서점,229-86-79459,2024-09-01,카드,병원
2024-12-08,M265,9246,0,0,0 일시불,0,GS25 편의점,399-93-39812,2025-01-08,카드,대중교통
2024-08-30,M265,38438,0,0,0 일시불,0,현금영수증_병원,998-22-50906,2024-09-03,카드,온라인쇼핑
2024-02-10,M265,41796,0,0,0 일시불,0,맥도날드,368-58-53014,2024-03-09,카드,음식점
2024-08-06,M265,8656,0,0,0 일시불,0,지하철,271-52-89558,2024-09-09,카드,주유
2024-04-14,M265,26563,0,0,0 일시불,0,이마트,294-26-34179,2024-05-06,카드,도서/신문
2024-12-11,M265,10744,0,0,0 일시불,0,이마트,249-92-88727,2025-01-10,카드,신용카드
2024-03-07,M265,32886,0,0,0 일시불,0,지하철,143-84-74509,2024-04-01,카드,공연/영화
2024-03-19,M265,48657,0,0,0 일시불,0,카카오택시,514-87-81836,2024-04-10,카드,주유
2024-07-20,M265,38173,0,0,0 일시불,0,파리바게뜨,857-35-98524,2024-08-09,카드,카페
2024-03-25,M265,25375,0,0,0 일시불,0,맥도날드,417-85-47200,2024-04-07,카드,약국
2024-05-22,M265,19916,0,0,0 일시불,0,파리바게뜨,236-39-25749,2024-06-10,카드,공연/영화
2024-04-08,M265,21223,0,0,0 일시불,0,전통시장 김밥집,237-27-74139,2024-05-09,카드,신용카드
2024-07-23,M265,1162,0,0,0 일시불,0,지하철,698-93-27993,2024-08-06,카드,카페
2024-11-04,M265,33824,0,0,0 일시불,0,지하철,190-48-57131,2024-12-09,카드,주유
2024-05-28,M265,18339,0,0,0 일시불,0,SK주유소,310-61-58003,2024-06-09,카드,병원
2024-10-29,M265,6171,0,0,0 일시불,0,영화관 CGV,242-92-45364,2024-11-08,카드,대중교통
2024-05-20,M265,31678,0,0,0 일시불,0,현대서점,547-32-26937,2024-06-03,카드,전통시장
2024-05-08,M265,47114,0,0,0 일시불,0,베스킨라빈스,287-50-78309,2024-06-06,카드,음식점
2024-04-05,M265,5989,0,0,0 일시불,0,현금영수증_피트니스,190-56-17277,2024-05-03,카드,전통시장
2024-08-15,M265,13423,0,0,0 일시불,0,SK주유소,660-50-86581,2024-09-07,카드,공연/영화
2024-01-28,M265,16505,0,0,0 일시불,0,쿠팡,234-88-11894,2024-02-01,카드,주유
2024-12-21,M265,44488,0,0,0 일시불,0,교보문고,605-77-76826,2025-01-08,카드,약국
2024-12-08,M265,23043,0,0,0 일시불,0,스타벅스,507-94-39760,2025-01-07,카드,병원
2024-04-18,M265,9333,0,0,0 일시불,0,베스킨라빈스,776-48-42117,2024-05-07,카드,주유
2024-03-03,M265,11889,0,0,0 일시불,0,현금영수증_피트니스,728-77-15035,2024-04-09,카드,대중교통
2024-07-20,M265,48530,0,0,0 일시불,0,현금영수증_피트니스,174-69-29902,2024-08-07,카드,병원
2024-07-04,M265,6932,0,0,0 일시불,0,서울대학병원,194-99-58233,2024-08-09,카드,대중교통
2024-02-20,M265,30262,0,0,0 일시불,0,온누리약국,702-96-16100,2024-03-06,카드,병원
2024-07-16,M265,18002,0,0,0 일시불,0,이마트,896-17-23083,2024-08-08,카드,카페
2024-03-01,M265,2478,0,0,0 일시불,0,서울대학병원,987-76-31343,2024-04-05,카드,약국
2024-01-05,M265,32474,0,0,0 일시불,0,성남버스,579-99-41102,2024-02-08,카드,카페
2024-09-08,M265,4302,0,0,0 일시불,0,전통시장 수산물,267-84-23625,2024-10-07,체크카드,직불/선불카드
2024-08-01,M265,14393,0,0,0 일시불,0,현대서점,811-81-76057,2024-09-04,카드,음식점
2024-01-07,M265,1784,0,0,0 일시불,0,이마트,419-94-86700,2024-02-03,카드,전통시장
2024-12-16,M265,40366,0,0,0 일시불,0,현금영수증_피트니스,803-86-54570,2025-01-01,체크카드,직불/선불카드
2024-04-28,M265,16344,0,0,0 일시불,0,온누리약국,731-82-37007,2024-05-01,카드,대중교통
2024-10-08,M265,13698,0,0,0 일시불,0,온누리약국,293-39-94989,2024-11-07,카드,신용카드
2024-04-25,M265,27307,0,0,0 일시불,0,현대서점,836-45-92841,2024-05-01,카드,공연/영화
2024-11-27,M265,49134,0,0,0 일시불,0,SK주유소,684-11-51663,2024-12-03,카드,공연/영화
2024-10-16,M265,25798,0,0,0 일시불,0,이마트,984-21-75739,2024-11-05,체크카드,직불/선불카드
2024-09-03,M265,26508,0,0,0 일시불,0,현대서점,243-28-49013,2024-10-09,카드,카페
2024-03-02,M265,46167,0,0,0 일시불,0,영화관 CGV,722-97-99476,2024-04-09,카드,공연/영화
2024-11-22,M265,42548,0,0,0 일시불,0,현금영수증_피트니스,737-96-82031,2024-12-06,카드,카페
2024-02-02,M265,21705,0,0,0 일시불,0,현금영수증_병원,856-40-19994,2024-03-03,카드,약국
2024-12-11,M265,10355,0,0,0 일시불,0,맥도날드,335-24-65756,2025-01-08,카드,음식점
2024-03-13,M265,38415,0,0,0 일시불,0,맥도날드,979-71-64960,2024-04-03,카드,음식점
2024-03-08,M265,17816,0,0,0 일시불,0,이마트,390-47-95613,2024-04-01,카드,대중교통
2024-10-15,M265,25571,0,0,0 일시불,0,쿠팡,286-27-80562,2024-11-08,카드,공연/영화
2024-01-20,M265,44989,0,0,0 일시불,0,서울대학병원,878-75-28134,2024-02-06,카드,온라인쇼핑
2024-08-27,M265,15199,0,0,0 일시불,0,교보문고,608-18-16752,2024-09-09,카드,음식점
2024-05-21,M265,21831,0,0,0 일시불,0,GS25 편의점,343-55-51270,2024-06-10,카드,온라인쇼핑
2024-10-16,M265,20153,0,0,0 일시불,0,파리바게뜨,329-27-39905,2024-11-01,카드,전통시장
2024-04-14,M265,28130,0,0,0 일시불,0,전통시장 수산물,723-84-59635,2024-05-06,카드,카페
2024-05-09,M265,2321,0,0,0 일시불,0,전통시장 수산물,385-84-35516,2024-06-08,카드,전통시장
2024-07-23,M265,36362,0,0,0 일시불,0,현금영수증_병원,566-25-44581,2024-08-07,카드,주유
2024-08-28,M265,1788,0,0,0 일시불,0,카카오택시,404-45-99782,2024-09-04,체크카드,직불/선불카드
2024-04-22,M265,4604,0,0,0 일시불,0,맥도날드,498-97-66677,2024-05-04,카드,전통시장
2024-10-06,M265,32464,0,0,0 일시불,0,교보문고,668-79-32168,2024-11-05,체크카드,직불/선불카드
2024-01-06,M265,12496,0,0,0 일시불,0,성남버스,779-56-54144,2024-02-03,카드,전통시장
2024-02-20,M265,42109,0,0,0 일시불,0,이마트,612-48-31408,2024-03-05,카드,음식점
2024-01-28,M265,2278,0,0,0 일시불,0,현금영수증_피트니스,416-40-49090,2024-02-09,카드,대중교통
2024-01-14,M265,16759,0,0,0 일시불,0,쿠팡,741-25-61108,2024-02-10,카드,대중교통
2024-02-01,M265,29665,0,0,0 일시불,0,현금영수증_병원,835-36-12350,2024-03-07,카드,약국
2024-05-25,M265,40765,0,0,0 일시불,0,이마트,913-42-12188,2024-06-10,카드,전통시장
2024-06-08,M265,31659,0,0,0 일시불,0,스타벅스,821-61-89016,2024-07-04,카드,병원
2024-12-18,M265,22964,0,0,0 일시불,0,전통시장 수산물,927-51-23601,2025-01-10,카드,병원
2024-07-21,M265,46847,0,0,0 일시불,0,맥도날드,792-17-81729,2024-08-10,카드,주유
2024-05-19,M265,24824,0,0,0 일시불,0,교보문고,168-40-88491,2024-06-02,카드,도서/신문
2024-08-16,M265,26473,0,0,0 일시불,0,전통시장 김밥집,614-16-72044,2024-09-04,체크카드,직불/선불카드
2024-09-23,M265,9384,0,0,0 일시불,0,맥도날드,688-47-69439,2024-10-04,카드,약국
2024-01-16,M265,18989,0,0,0 일시불,0,성남버스,747-10-49931,2024-02-08,카드,약국
2024-06-03,M265,42065,0,0,0 일시불,0,이마트,100-89-15702,2024-07-10,카드,신용카드
2024-08-29,M265,36949,0,0,0 일시불,0,현대서점,579-51-69984,2024-09-09,카드,온라인쇼핑
2024-09-05,M265,5734,0,0,0 일시불,0,현금영수증_병원,666-17-10303,2024-10-10,카드,온라인쇼핑
2024-05-03,M265,22956,0,0,0 일시불,0,전통시장 김밥집,552-37-42644,2024-06-03,체크카드,직불/선불카드
2024-01-08,M265,14048,0,0,0 일시불,0,SK주유소,620-15-69733,2024-02-09,카드,음식점
2024-02-05,M265,40557,0,0,0 일시불,0,스타벅스,980-24-89670,2024-03-03,카드,신용카드
2024-02-05,M265,15232,0,0,0 일시불,0,온누리약국,634-76-36828,2024-03-04,카드,주유
2024-12-26,M265,4822,0,0,0 일시불,0,스타벅스,695-99-64395,2025-01-10,카드,주유
2024-03-15,M265,13652,0,0,0 일시불,0,성남버스,866-10-54809,2024-04-06,카드,대중교통
2024-10-24,M265,49393,0,0,0 일시불,0,이마트,852-38-97727,2024-11-05,카드,주유
2024-06-16,M265,8006,0,0,0 일시불,0,현대서점,545-26-51613,2024-07-04,카드,신용카드
2024-01-29,M265,45612,0,0,0 일시불,0,현대서점,848-23-34858,2024-02-02,카드,약국
2024-07-17,M265,19477,0,0,0 일시불,0,맥도날드,666-61-84264,2024-08-08,카드,약국
2024-12-30,M265,29348,0,0,0 일시불,0,현대서점,852-98-16575,2025-01-08,카드,음식점
2024-03-04,M265,31049,0,0,0 일시불,0,스타벅스,594-83-71357,2024-04-10,카드,약국
2024-02-13,M265,20206,0,0,0 일시불,0,영화관 CGV,619-30-91111,2024-03-02,카드,음식점
2024-06-05,M265,27180,0,0,0 일시불,0,스타벅스,199-92-55831,2024-07-01,카드,공연/영화
2024-12-07,M265,47140,0,0,0 일시불,0,파리바게뜨,765-59-50790,2025-01-06,카드,약국
2024-02-22,M265,8515,0,0,0 일시불,0,파리바게뜨,992-42-42284,2024-03-06,카드,주유
2024-04-10,M265,9364,0,0,0 일시불,0,전통시장 수산물,636-53-50156,2024-05-01,카드,병원
2024-01-24,M265,45659,0,0,0 일시불,0,현대서점,737-54-61978,2024-02-09,카드,병원
2024-12-26,M265,7797,0,0,0 일시불,0,지하철,662-82-95449,2025-01-04,카드,신용카드
2024-04-18,M265,11699,0,0,0 일시불,0,스타벅스,894-46-79131,2024-05-07,카드,주유
2024-04-30,M265,45792,0,0,0 일시불,0,전통시장 김밥집,131-57-79648,2024-05-06,카드,카페
2024-05-26,M265,49830,0,0,0 일시불,0,전통시장 수산물,387-62-72363,2024-06-06,체크카드,직불/선불카드
2024-01-21,M265,25232,0,0,0 일시불,0,온누리약국,747-54-49155,2024-02-02,카드,주유
2024-01-07,M265,38600,0,0,0 일시불,0,지하철,464-67-22791,2024-02-02,카드,온라인쇼핑
2024-06-26,M265,35252,0,0,0 일시불,0,GS25 편의점,851-80-89528,2024-07-09,카드,도서/신문
2024-09-12,M265,49281,0,0,0 일시불,0,GS25 편의점,322-42-43063,2024-10-05,카드,병원
2024-11-07,M265,12738,0,0,0 일시불,0,현금영수증_병원,141-64-46640,2024-12-03,현금영수증,현금영수증
2024-08-14,M265,37065,0,0,0 일시불,0,전통시장 수산물,432-89-85973,2024-09-04,카드,신용카드
2024-02-06,M265,9186,0,0,0 일시불,0,GS25 편의점,517-12-31276,2024-03-10,카드,대중교통
2024-12-16,M265,6733,0,0,0 일시불,0,카카오택시,902-52-57458,2025-01-09,카드,카페
2024-08-15,M265,13493,0,0,0 일시불,0,쿠팡,365-25-95807,2024-09-06,카드,병원
2024-10-06,M265,40166,0,0,0 일시불,0,스타벅스,259-67-76038,2024-11-04,카드,도서/신문
2024-07-06,M265,8588,0,0,0 일시불,0,영화관 CGV,709-50-74729,2024-08-07,카드,대중교통
2024-10-19,M265,33225,0,0,0 일시불,0,현대서점,420-53-78841,2024-11-08,카드,온라인쇼핑
2024-11-04,M265,11628,0,0,0 일시불,0,베스킨라빈스,382-77-58491,2024-12-10,카드,주유
2024-04-03,M265,47604,0,0,0 일시불,0,온누리약국,884-16-25608,2024-05-10,체크카드,직불/선불카드
2024-05-16,M265,29588,0,0,0 일시불,0,지하철,666-79-98750,2024-06-01,카드,도서/신문
2024-04-17,M265,14433,0,0,0 일시불,0,교보문고,482-28-42312,2024-05-04,카드,약국
2024-11-20,M265,49406,0,0,0 일시불,0,현대서점,709-92-96046,2024-12-06,카드,공연/영화
2024-09-10,M265,48867,0,0,0 일시불,0,GS25 편의점,343-63-82897,2024-10-02,카드,공연/영화
2024-10-25,M265,19842,0,0,0 일시불,0,전통시장 수산물,746-90-38141,2024-11-10,카드,신용카드
2024-03-27,M265,1894,0,0,0 일시불,0,현금영수증_병원,610-50-72002,2024-04-05,체크카드,직불/선불카드
2024-03-17,M265,47507,0,0,0 일시불,0,GS25 편의점,163-24-79980,2024-04-10,카드,온라인쇼핑
2024-04-13,M265,11268,0,0,0 일시불,0,전통시장 수산물,627-15-16465,2024-05-10,체크카드,직불/선불카드
2024-12-06,M265,39957,0,0,0 일시불,0,카카오택시,689-34-24150,2025-01-07,카드,온라인쇼핑
2024-03-19,M265,18344,0,0,0 일시불,0,베스킨라빈스,178-29-14634,2024-04-05,카드,도서/신문
2024-07-30,M265,22764,0,0,0 일시불,0,교보문고,397-58-15465,2024-08-10,카드,공연/영화
2024-07-14,M265,12776,0,0,0 일시불,0,맥도날드,617-50-25639,2024-08-06,카드,공연/영화
2024-12-06,M265,19165,0,0,0 일시불,0,영화관 CGV,750-89-97641,2025-01-04,카드,카페
2024-09-15,M265,27317,0,0,0 일시불,0,지하철,236-54-10052,2024-10-02,카드,공연/영화
2024-04-09,M265,17299,0,0,0 일시불,0,지하철,728-65-18125,2024-05-08,카드,대중교통
2024-06-25,M265,34163,0,0,0 일시불,0,베스킨라빈스,192-41-57623,2024-07-05,카드,공연/영화
2024-09-02,M265,1030,0,0,0 일시불,0,교보문고,926-28-65820,2024-10-06,카드,약국
2024-11-22,M265,39674,0,0,0 일시불,0,현금영수증_병원,264-30-13468,2024-12-02,카드,주유
2024-01-05,M265,9687,0,0,0 일시불,0,교보문고,249-13-14817,2024-02-07,카드,도서/신문
2024-05-02,M265,26520,0,0,0 일시불,0,지하철,958-52-88764,2024-06-02,카드,전통시장
2024-05-14,M265,8543,0,0,0 일시불,0,베스킨라빈스,197-17-54631,2024-06-10,카드,약국
2024-08-04,M265,7286,0,0,0 일시불,0,카카오택시,458-64-61479,2024-09-04,카드,도서/신문
2024-05-28,M265,32000,0,0,0 일시불,0,영화관 CGV,523-85-89618,2024-06-02,카드,병원
2024-09-30,M265,1741,0,0,0 일시불,0,쿠팡,236-41-91712,2024-10-05,카드,전통시장
2024-01-13,M265,12695,0,0,0 일시불,0,스타벅스,505-54-66821,2024-02-03,체크카드,직불/선불카드
2024-07-17,M265,40889,0,0,0 일시불,0,영화관 CGV,110-91-64495,2024-08-02,카드,도서/신문
2024-07-16,M265,44627,0,0,0 일시불,0,파리바게뜨,946-41-32429,2024-08-06,카드,약국
2024-07-09,M265,29683,0,0,0 일시불,0,현금영수증_병원,985-62-35050,2024-08-06,체크카드,직불/선불카드
2024-04-17,M265,23818,0,0,0 일시불,0,전통시장 김밥집,115-25-28565,2024-05-09,카드,카페
2024-04-22,M265,3237,0,0,0 일시불,0,카카오택시,638-59-18553,2024-05-04,카드,병원
2024-03-13,M265,36270,0,0,0 일시불,0,쿠팡,767-63-76587,2024-04-01,카드,온라인쇼핑
2024-07-05,M265,29401,0,0,0 일시불,0,현금영수증_병원,893-56-99824,2024-08-07,체크카드,직불/선불카드
2024-04-06,M265,16069,0,0,0 일시불,0,성남버스,588-62-21141,2024-05-08,카드,전통시장
2024-09-01,M265,1106,0,0,0 일시불,0,지하철,550-17-94166,2024-10-10,카드,전통시장
2024-02-26,M265,5410,0,0,0 일시불,0,쿠팡,891-21-73735,2024-03-04,카드,카페
2024-03-14,M265,49774,0,0,0 일시불,0,교보문고,738-21-79194,2024-04-06,카드,카페
2024-04-26,M265,48998,0,0,0 일시불,0,서울대학병원,208-49-25153,2024-05-09,카드,온라인쇼핑
2024-08-01,M265,48934,0,0,0 일시불,0,GS25 편의점,102-73-99198,2024-09-07,카드,약국
2024-06-22,M265,40757,0,0,0 일시불,0,맥도날드,668-29-93202,2024-07-03,카드,공연/영화
2024-01-29,M265,19144,0,0,0 일시불,0,교보문고,666-49-73667,2024-02-02,카드,도서/신문
2024-01-28,M265,34425,0,0,0 일시불,0,쿠팡,320-43-28766,2024-02-04,카드,도서/신문
2024-09-25,M265,37362,0,0,0 일시불,0,이마트,521-19-48815,2024-10-09,카드,온라인쇼핑
2024-01-25,M265,35765,0,0,0 일시불,0,현금영수증_피트니스,579-45-14245,2024-02-02,카드,전통시장
2024-01-25,M265,14522,0,0,0 일시불,0,스타벅스,568-66-57642,2024-02-01,카드,전통시장
2024-06-08,M265,39973,0,0,0 일시불,0,SK주유소,419-83-51611,2024-07-04,카드,병원
2024-03-07,M265,2312,0,0,0 일시불,0,GS25 편의점,885-78-43208,2024-04-06,카드,카페
2024-05-11,M265,12943,0,0,0 일시불,0,현금영수증_피트니스,318-71-20460,2024-06-03,카드,공연/영화
2024-07-11,M265,10505,0,0,0 일시불,0,SK주유소,720-32-61272,2024-08-01,카드,공연/영화
2024-11-04,M265,14078,0,0,0 일시불,0,베스킨라빈스,821-52-11814,2024-12-01,카드,음식점
2024-02-02,M265,18182,0,0,0 일시불,0,전통시장 김밥집,438-32-49722,2024-03-09,카드,약국
2024-12-29,M265,1916,0,0,0 일시불,0,이마트,155-28-79724,2025-01-07,체크카드,직불/선불카드
2024-03-09,M265,16267,0,0,0 일시불,0,맥도날드,170-70-18619,2024-04-09,카드,음식점
2024-12-04,M265,20147,0,0,0 일시불,0,파리바게뜨,850-47-13992,2025-01-04,카드,대중교통
2024-03-23,M265,38848,0,0,0 일시불,0,카카오택시,351-95-72212,2024-04-10,카드,공연/영화
2024-10-20,M265,22600,0,0,0 일시불,0,현대서점,784-89-96560,2024-11-03,카드,공연/영화
2024-08-24,M265,47747,0,0,0 일시불,0,카카오택시,942-86-63526,2024-09-02,카드,약국
2024-11-08,M265,30195,0,0,0 일시불,0,SK주유소,742-31-21409,2024-12-03,카드,도서/신문
2024-12-18,M265,30562,0,0,0 일시불,0,맥도날드,347-80-12154,2025-01-02,카드,주유
2024-08-17,M265,20571,0,0,0 일시불,0,현금영수증_피트니스,693-40-52719,2024-09-01,카드,주유
2024-01-01,M265,40066,0,0,0 일시불,0,SK주유소,935-64-90075,2024-02-05,카드,음식점
2024-09-05,M265,32710,0,0,0 일시불,0,카카오택시,982-48-87585,2024-10-06,카드,대중교통
2024-08-30,M265,42679,0,0,0 일시불,0,SK주유소,679-47-52769,2024-09-02,카드,카페
2024-07-06,M265,44085,0,0,0 일시불,0,스타벅스,686-19-91298,2024-08-04,카드,전통시장
2024-02-13,M265,21480,0,0,0 일시불,0,서울대학병원,580-41-38385,2024-03-03,카드,대중교통
2024-01-05,M265,7099,0,0,0 일시불,0,현금영수증_피트니스,287-98-14407,2024-02-03,카드,전통시장
2024-01-28,M265,24388,0,0,0 일시불,0,쿠팡,126-71-68985,2024-02-10,카드,대중교통
2024-11-26,M265,10597,0,0,0 일시불,0,베스킨라빈스,649-90-89824,2024-12-06,카드,온라인쇼핑
2024-12-27,M265,20275,0,0,0 일시불,0,현금영수증_병원,693-35-49214,2025-01-02,카드,주유
2024-04-05,M265,45551,0,0,0 일시불,0,쿠팡,840-46-56973,2024-05-02,카드,주유
2024-05-25,M265,24920,0,0,0 일시불,0,베스킨라빈스,626-95-68032,2024-06-06,카드,신용카드
2024-07-30,M265,17086,0,0,0 일시불,0,GS25 편의점,383-66-34637,2024-08-10,카드,주유
2024-09-14,M265,16081,0,0,0 일시불,0,지하철,689-22-49211,2024-10-02,카드,전통시장
2024-04-16,M265,30612,0,0,0 일시불,0,파리바게뜨,275-83-18651,2024-05-10,카드,음식점
2024-02-25,M265,1750,0,0,0 일시불,0,전통시장 수산물,998-19-92696,2024-03-05,카드,공연/영화
2024-08-19,M265,9533,0,0,0 일시불,0,이마트,247-39-97880,2024-09-10,카드,대중교통
2024-12-31,M265,46922,0,0,0 일시불,0,지하철,553-30-77006,2025-01-03,카드,공연/영화
2024-10-28,M265,12410,0,0,0 일시불,0,파리바게뜨,523-73-26075,2024-11-07,카드,카페
2024-04-24,M265,23167,0,0,0 일시불,0,현대서점,111-68-36828,2024-05-04,카드,대중교통
2024-07-31,M265,29345,0,0,0 일시불,0,성남버스,538-14-93216,2024-08-03,카드,카페
2024-04-17,M265,47556,0,0,0 일시불,0,현금영수증_병원,599-80-75873,2024-05-05,카드,음식점
2024-06-07,M265,13896,0,0,0 일시불,0,지하철,362-81-57029,2024-07-02,카드,음식점
2024-10-20,M265,30624,0,0,0 일시불,0,전통시장 수산물,858-93-65753,2024-11-06,카드,주유
2024-04-24,M265,5035,0,0,0 일시불,0,스타벅스,403-11-38778,2024-05-06,카드,주유
2024-05-19,M265,42938,0,0,0 일시불,0,온누리약국,722-25-41836,2024-06-02,체크카드,직불/선불카드
2024-03-09,M265,36357,0,0,0 일시불,0,스타벅스,163-16-94304,2024-04-10,카드,신용카드
2024-09-26,M265,23192,0,0,0 일시불,0,현대서점,735-37-61426,2024-10-01,카드,온라인쇼핑
2024-09-03,M265,32253,0,0,0 일시불,0,카카오택시,795-40-74384,2024-10-03,카드,주유
2024-10-14,M265,40829,0,0,0 일시불,0,전통시장 수산물,630-42-79324,2024-11-07,카드,공연/영화
2024-12-25,M265,28579,0,0,0 일시불,0,쿠팡,944-90-89824,2025-01-05,카드,약국
2024-02-26,M265,15667,0,0,0 일시불,0,베스킨라빈스,224-69-62066,2024-03-10,카드,주유
2024-02-20,M265,17655,0,0,0 일시불,0,파리바게뜨,613-57-21157,2024-03-07,카드,전통시장
2024-04-16,M265,14341,0,0,0 일시불,0,이마트,719-35-39093,2024-05-03,카드,주유
2024-09-10,M265,42429,0,0,0 일시불,0,스타벅스,532-88-97477,2024-10-03,카드,대중교통
2024-09-14,M265,9206,0,0,0 일시불,0,영화관 CGV,494-19-90072,2024-10-04,카드,주유
2024-09-27,M265,7269,0,0,0 일시불,0,스타벅스,793-52-92138,2024-10-03,카드,공연/영화
2024-04-20,M265,9833,0,0,0 일시불,0,교보문고,820-38-77811,2024-05-10,카드,음식점
2024-09-29,M265,21182,0,0,0 일시불,0,현대서점,791-85-49964,2024-10-08,카드,도서/신문
2024-07-27,M265,9690,0,0,0 일시불,0,현금영수증_피트니스,253-59-31201,2024-08-04,카드,주유
2024-03-14,M265,13371,0,0,0 일시불,0,현금영수증_병원,988-98-81024,2024-04-05,체크카드,직불/선불카드
2024-08-17,M265,25771,0,0,0 일시불,0,쿠팡,781-60-45318,2024-09-04,카드,도서/신문
2024-06-11,M265,33247,0,0,0 일시불,0,SK주유소,728-91-75046,2024-07-04,카드,약국
2024-07-19,M265,18982,0,0,0 일시불,0,쿠팡,166-35-35190,2024-08-03,체크카드,직불/선불카드
2024-05-01,M265,33747,0,0,0 일시불,0,이마트,964-83-41052,2024-06-06,카드,도서/신문
2024-02-15,M265,5232,0,0,0 일시불,0,교보문고,554-30-29679,2024-03-08,카드,온라인쇼핑
2024-01-03,M265,13969,0,0,0 일시불,0,성남버스,693-71-54279,2024-02-02,카드,약국
2024-10-23,M265,15366,0,0,0 일시불,0,현금영수증_병원,716-62-82747,2024-11-09,카드,음식점
2024-02-07,M265,46187,0,0,0 일시불,0,이마트,568-97-39596,2024-03-08,카드,도서/신문
2024-05-11,M265,41982,0,0,0 일시불,0,영화관 CGV,178-61-13625,2024-06-06,카드,약국
2024-10-20,M265,43782,0,0,0 일시불,0,현금영수증_병원,324-85-85056,2024-11-10,카드,음식점
2024-05-07,M265,7915,0,0,0 일시불,0,온누리약국,423-99-77908,2024-06-01,체크카드,직불/선불카드
